TmID;JerseyName;FullName;BirthDate;BirthPlace;Height;PrimPosition;Foot;Outfitter;NumGames;NumGoals;NumIntGames;NumIntGoals
116;Kapetanovic;Sead Kapetanović;1972-01-21;Sarajevo;N/A;Right Midfield;N/A;;0;0;14;0
130;Reuter;Stefan Reuter;1966-10-16;Dinkelsbühl;1,81 m;Right Midfield;right;;0;0;69;2
171;Kobylanski;Andrzej Kobylański;1970-07-31;Ostrowiec Świętokrzyski;N/A;Left Midfield;N/A;;0;0;6;0
178;Micevski;Тони Мицевски;1970-01-20;Bitola;N/A;Attacking Midfield;N/A;;0;0;43;4
185;SebÅ‘k;Vilmos SebÅ‘k;1973-06-13;Budapest;N/A;Centre-Back;N/A;;0;0;52;9
233;Bräutigam;Perry Bräutigam;1963-03-28;Altenburg;1,89 m;Goalkeeper;right;;0;0;3;0
274;Nemec;Jiří Němec;1966-05-15;Pacov;N/A;Defensive Midfield;N/A;;0;0;64;1
310;Hollerbach;Bernd Hollerbach;1969-12-08;Würzburg;1,77 m;Left-Back;left;;0;0;0;0
361;Reinke;Andreas Reinke;1969-01-10;Krakow am See;N/A;Goalkeeper;N/A;;0;0;0;0
406;Hermel;Lars Hermel;1970-09-28;Karl-Marx-Stadt;1,80 m;Sweeper;right;;0;0;0;0
432;Lösch;Markus Lösch;1971-09-26;Stuttgart;1,80 m;Defensive Midfield;left;;0;0;0;0
445;Menger;Andreas Menger;1972-09-11;Berlin;1,88 m;Goalkeeper;right;;0;0;0;0
520;Bode;Marco Bode;1969-07-23;Osterode am Harz;1,89 m;Left Winger;left;;0;0;40;9
573;Zelic;Nedijeljko Zelic;1971-07-04;Sydney;N/A;Defensive Midfield;N/A;;0;0;40;5
669;O`Neil;Brian O`Neil;1972-09-06;Paisley;N/A;Centre-Back;N/A;;0;0;7;0
678;Wagner;Martin Wagner;1968-02-24;Offenburg;1,74 m;Left Midfield;left;;0;0;6;0
710;Meijer;Erik Meijer;1969-08-02;Meerssen;N/A;Centre-Forward;N/A;;0;0;1;0
727;Backhaus;Sven Backhaus;1968-06-01;Düsseldorf;N/A;Sweeper;N/A;;0;0;0;0
840;Reichold;Günther Reichold;1965-06-10;Hochstahl;N/A;Goalkeeper;N/A;;0;0;0;0
885;Obad;Adis Obad;1971-05-12;Mostar;1,78 m;Left Winger;left;;0;0;2;0
924;Hildmann;Sascha Hildmann;1972-04-07;Kaiserslautern;1,84 m;;both;;0;0;0;0
1088;Wenschlag;Kay Wenschlag;1970-02-25;Berlin (Ost);N/A;Sweeper;N/A;;0;0;0;0
1158;Christ;Sven Iwan Christ;1973-12-09;Biel/Bienne;1,83 m;Centre-Back;;;0;0;2;0
1219;Isa;Harun Isa;1969-06-21;Tetovo;N/A;;N/A;;0;0;0;0
1226;Kunze;Alexander Kunze;1971-01-12;Marienberg;1,93 m;Goalkeeper;;;0;0;0;0
1291;HÃ¤rtel;Jens HÃ¤rtel;1969-06-07;Rochlitz;;;;;0;0;0;0
1538;Pavlin;Miran Pavlin;1971-10-08;Kranj;N/A;Attacking Midfield;N/A;;0;0;64;5
2099;Hoßmang;Thomas Hoßmang;1966-11-27;Hoyerswerda;1,84 m;Sweeper;;;0;0;0;0
2205;Kuci;Afrim Kuçi;1970-05-19;;N/A;Sweeper;N/A;;0;0;0;0
2522;Seifert;Frank Seifert;1972-10-02;;;Central Midfield;N/A;;0;0;0;0
2605;Thier;César Luis Thier;1967-10-15;Santa Cruz do Sul;1,87 m;Goalkeeper;;;0;0;0;0
2959;Rushfeldt;Sigurd Rushfeldt;1972-12-11;Vadsø;1,90 m;Centre-Forward;right;;0;0;38;7
3056;Neukirchner;Günther Neukirchner;1971-12-02;Grambach;1,77 m;;right;;0;0;14;1
3089;Bartlett;Thurston Shaun Bartlett;1972-10-31;Cape Town, Western Cape;1,88 m;Centre-Forward;right;;0;0;74;28
3101;Niemi;Antti Mikko Niemi;1972-05-31;Oulu;1,86 m;Goalkeeper;right;;0;0;68;0
3175;Hasselbaink;Jerrel Hasselbaink;1972-03-27;Paramaribo;1,78 m;Centre-Forward;right;;0;0;23;9
3211;Xavier;Abel Luis da Silva Costa Xavier;1972-11-30;Nampula;1,89 m;Right-Back;right;;0;0;20;2
3247;Ehiogu;Ugochuku Ehiogu;1972-11-03;London;1,92 m;Centre-Back;right;;0;0;4;1
3267;Allbäck;Marcus Christian Allbäck;1973-07-05;Göteborg;N/A;Centre-Forward;N/A;;0;0;74;30
3299;Bennett;Ian Michael Bennett;1971-10-10;Worksop;1,83 m;Goalkeeper;;;0;0;0;0
3300;Benarbia;Ali Benarbia;1968-10-08;Oran;1,71 m;Attacking Midfield;right;;0;0;9;0
3387;Lonfat;Johann Lonfat;1973-03-11;Martigny;1,79 m;Right Midfield;right;;0;0;23;0
3406;Giggs;Ryan Joseph Giggs;1973-11-29;Cardiff;1,79 m;Left Midfield;left;;0;0;64;12
3504;Özalan;Fehmi Alpay Özalan;1973-05-29;Izmir;1,88 m;Centre-Back;right;;0;0;90;4
3524;Simone;Marco Simone;1969-01-07;Castellanza;1,70 m;Centre-Forward;both;;0;0;4;0
3535;Ricardo;Ricardo Lﾃｳpez Felipe;1971-12-30;Madrid;1,87 m;Goalkeeper;left;;0;0;2;0
3557;Stam;Jakob Stam;1972-07-17;Kampen;1,91 m;Centre-Back;right;;0;0;66;3
3561;Karelse;John Karelse;1970-05-17;Wemeldinge;;Goalkeeper;;;0;0;0;0
3571;Boksic;Alen Boksic;1970-01-21;Makarska;1,87 m;Centre-Forward;right;;0;0;41;10
3608;Keller;Kasey Christopher Keller;1969-11-29;Olympia, Washington;N/A;Goalkeeper;N/A;;0;0;103;0
3699;Di Canio;Paolo Di Canio;1968-07-09;Roma;N/A;Centre-Forward;N/A;;0;0;9;2
3738;Marriott;Andrew Marriott;1970-10-11;Sutton-in-Ashfield;1,83 m;Goalkeeper;;;0;0;5;0
3787;Hignett;Craig Hignett;1970-01-12;Liverpool;1,79 m;Right Winger;right;;0;0;0;0
3813;Vidmar;Anthony Vidmar;1970-07-04;Adelaide;1,86 m;Left-Back;left;;0;0;77;3
3823;Berg;Henning Stille Berg;1969-09-01;Eidsvoll;1,83 m;Right-Back;right;;0;0;101;9
3911;Bonnissel;Jérôme Bonnissel;1973-04-16;Montpellier;1,74 m;Left-Back;left;;0;0;0;0
4250;Impey;Andy Impey;1971-09-13;London;1,73 m;Defensive Midfield;right;;0;0;1;0
4281;Pollet;Ludovic Pollet;1970-06-18;Vieux-Condé;1,84 m;Centre-Back;right;;0;0;0;0
4319;Galásek;Tomáš Galásek;1973-01-15;Frýdek-Místek;1,80 m;Defensive Midfield;right;;0;0;69;1
4340;Faber;Ernest Faber;1971-08-27;Geldrop;1,84 m;Centre-Back;right;;0;0;1;0
4375;Reiziger;Michael John Reiziger;1973-05-03;Amstelveen;1,76 m;Right-Back;right;;0;0;71;1
4409;Nurmela;Mika Nurmela;1971-12-26;Oulu;1,78 m;Right Midfield;right;;0;0;72;4
4423;Claessens;Gert Claessens;1972-02-21;Tongeren;1,89 m;Left Midfield;left;;0;0;4;1
4574;Victoria;Raymond Victoria;1972-10-10;Utrecht;N/A;Central Midfield;N/A;;0;0;3;0
4729;Machala;Oldřich Machala;1963-08-04;Bruntál;1,82 m;Sweeper;;;0;0;1;0
4819;Gaspoz;Alain Gaspoz;1970-05-16;Cotonou;1,72 m;Right-Back;both;;0;0;16;0
4915;Biaggi;Olivier Biaggi;1971-03-17;;;Left-Back;left;;0;0;0;0
4943;Hellinga;Wilco Hellinga;1970-08-16;Gorredijk;1,72 m;;;;0;0;0;0
4971;Stary;Roman Stary;1973-12-18;Wien;1,68 m;Defensive Midfield;right;;0;0;0;0
5180;Bayertz;Markus Bayertz;1971-01-29;Willich;N/A;Left Midfield;N/A;;0;0;0;0
5372;Roche;Alain Roche;1967-10-14;Brive-la-Gaillarde;1,82 m;Centre-Back;right;;0;0;25;1
5427;Deblock;Pierre Deblock;1973-05-01;Auchel;1,78 m;Right Midfield;;;0;0;0;0
5481;Sikora;Eric Sikora;1968-02-04;Courrières;1,82 m;Right-Back;right;;0;0;0;0
5535;Cinetti;Fabio Cinetti;1973-11-21;Milano;1,77 m;Central Midfield;right;;0;0;0;0
5754;Fresi;Salvatore Fresi;1973-01-18;La Maddalena;1,82 m;Centre-Back;right;;0;0;0;0
5815;Bá;Ibrahim N`Goma Ba;1973-11-12;Dakar;1,81 m;Right Midfield;right;;0;0;8;2
5832;Favalli;Giuseppe Favalli;1972-01-08;Orzinuovi;1,82 m;Left-Back;left;;0;0;8;0
5961;Delvecchio;Marco Delvecchio;1973-04-07;Milano;1,86 m;Centre-Forward;left;;0;0;22;4
6010;Berti;Gianluca Berti;1967-05-20;Firenze;1,90 m;Goalkeeper;;;0;0;0;0
6381;Kellermann;Ralf Kellermann;1968-09-24;Duisburg;N/A;Goalkeeper;;;0;0;0;0
6453;Imhof;Matthias Imhof;1968-05-25;Erlenbach;1,76 m;Left Midfield;left;;0;0;0;0
6778;Blissett;Gary Blissett;1964-06-29;Manchester;N/A;Centre-Forward;;;0;0;0;0
7463;Kvarme;Bjørn Tore Kvarme;1972-06-17;Trondheim;1,85 m;Centre-Back;right;;0;0;1;0
7489;Donato;Donato Gama Da Silva;1962-12-30;Rio de Janeiro;1,78 m;Defensive Midfield;both;;0;0;12;0
7539;Berizzo;Manuel Eduardo Berizzo Magnolo;1969-11-13;Cruz Alta;1,84 m;Centre-Back;left;;0;0;11;0
7559;Catanha;Henrique Guedes da Silva;1972-03-06;Rio de Janeiro;1,76 m;Centre-Forward;right;;0;0;3;0
7681;Lozano;John HÃ¡rold Lozano Prado;1972-03-30;Cali;1,94 m;Central Midfield;right;;0;0;48;3
8015;Pizzi;Juan Antonio Pizzi Torroja;1968-06-07;Santa Fe;1,85 m;Centre-Forward;right;;0;0;23;8
8058;Deane;Brian Christopher Deane;1968-02-07;Leeds;1,90 m;Centre-Forward;right;;0;0;3;0
8542;Weah;George Tawlon Manneh Oppong Ousman Weah;1966-10-01;Monrovia;1,85 m;Centre-Forward;both;;0;0;61;22
8864;Hartwig;Knut Hartwig;1969-11-13;Münster;N/A;Right Midfield;N/A;;0;0;0;0
9147;Meyer;Sven Meyer;1970-09-04;Berlin (West);N/A;Sweeper;N/A;;0;0;0;0
9233;Zeljko;Zoran Zeljko;1968-10-17;Caplina;N/A;Goalkeeper;N/A;;0;0;0;0
9758;Silberbach;JÃ¶rg Silberbach;1965-03-08;;;Centre-Back;right;;0;0;0;0
10682;Fincke;Andree Fincke;1968-09-17;;N/A;Attacking Midfield;;;0;0;0;0
11349;Adamczuk;Dariusz Adamczuk;1969-10-20;Szczecin;N/A;Defensive Midfield;N/A;;0;0;11;1
11353;Fleming;Curtis Joseph Fleming;1968-10-08;Manchester;1,78 m;Right-Back;;;0;0;10;0
11689;Holt;Gary James Holt;1973-03-09;Irvine;1,85 m;Central Midfield;right;;0;0;10;1
12368;Enerly;Arne Dagfinn Enerly;1972-12-09;Oslo;1,79 m;Right Midfield;;;0;0;2;0
12383;Strand;Roar Strand;1970-02-02;Trondheim;1,79 m;Central Midfield;right;;0;0;42;4
12726;Whalley;Gareth Whalley;1973-12-19;;1,78 m;Central Midfield;right;;0;0;0;0
12825;Cowan;Tom Cowan;1969-08-28;Bellshill;1,74 m;Left-Back;left;;0;0;0;0
12886;Vlcek;Petr Vlček;1973-10-18;Marienbad;N/A;Centre-Back;N/A;;0;0;18;0
13008;Origi;Michael Okoth Origi;1967-11-16;Nairobi;1,86 m;Centre-Forward;left;;0;0;6;3
13536;Peschisolido;Paolo Pasquale Peschisolido;1971-05-25;Scarborough, Ontario;1,70 m;Centre-Forward;both;;0;0;58;11
13548;Ward;Ashley Ward;1970-11-24;;1,85 m;Centre-Forward;right;;0;0;0;0
13806;Riedle;Karl-Heinz Riedle;1965-09-16;Weiler im Allgäu;1,79 m;Centre-Forward;right;;0;0;42;16
13820;Jorge;Rui Jorge de Sousa Dias Macedo de Oliveira;1973-03-27;Vila Nova de Gaia;1,71 m;Left-Back;left;;0;0;45;1
13864;Fouhami;Khalid Fouhami;1972-12-25;Casablanca;1,98 m;Goalkeeper;;;0;0;33;0
14183;Lee;Robert Martin Lee;1966-02-01;London;1,78 m;Central Midfield;right;;0;0;20;2
14387;Wijnhard;Clyde Wijnhard;1973-11-01;Paramaribo;1,80 m;Centre-Forward;both;;0;0;0;0
14510;Bento;Rui Fernando da Silva Calapez Pereira Bento;1972-01-14;Silves;1,76 m;Defensive Midfield;right;;0;0;6;0
14831;Fuchs;Uwe Fuchs;1966-07-23;Kaiserslautern;N/A;Centre-Forward;N/A;;0;0;0;0
14833;Schäfer;Günther Schäfer;1962-06-09;Waiblingen;1,74 m;Centre-Back;right;;0;0;0;0
14915;Möller;Peter Møller;1972-03-23;Frederikshavn;1,90 m;Centre-Forward;right;;0;0;20;5
15162;Boussatta;Dries Boussatta;1972-12-23;Amsterdam;1,69 m;Right Winger;both;;0;0;3;0
15295;Eijkelkamp;René Eijkelkamp;1964-04-06;Dalfsen;N/A;Centre-Forward;N/A;;0;0;6;0
15391;Johansen;Michael Bro Johansen;1972-07-22;Glostrup;1,68 m;Attacking Midfield;;;0;0;2;0
15405;Zemlinskis;Mihails Zemļinskis;1969-12-21;Riga;N/A;Centre-Back;N/A;;0;0;105;12
15852;Aleskarov;Алескаров Валерий Владимирович;1971-08-19;Ruzaevka, Mordovia Republic;1,90 m;Goalkeeper;;;0;0;0;0
15939;Manso;Marco Manso;1973-10-09;Vicosa do Ceará;1,87 m;Attacking Midfield;right;;0;0;0;0
16602;Spasic;Sladjan Spasic;1973-06-15;Norrköping;1,74 m;Attacking Midfield;both;;0;0;0;0
16871;Pecchia;Fabio Pecchia;1973-08-24;Formia;1,72 m;Right Midfield;right;;0;0;11;0
16980;Klinsmann;Jürgen Klinsmann;1964-07-30;Göppingen;1,85 m;Centre-Forward;right;;0;0;108;47
17073;Schroll;Harald Schroll;1972-09-29;;1,78 m;;both;;0;0;0;0
17107;Gorshkov;Горшков Александр Викторович;1970-02-08;Kirovsk, Lugansk Oblast;1,80 m;Defensive Midfield;right;;0;0;4;2
17467;Iliev;Илиан Димов Илиев;1968-07-02;Varna;1,73 m;Attacking Midfield;right;;0;0;34;3
18288;Dittwar;Jörg Dittwar;1963-08-01;Stadtsteinach;N/A;Defensive Midfield;N/A;;0;0;0;0
19383;Leleu;Stefan Leleu;1970-02-28;Gent;1,86 m;Centre-Back;;;0;0;0;0
21654;Dahlin;Martin Nathaniel Dahlin;1968-04-16;Uddevalla;N/A;Centre-Forward;N/A;;0;0;62;30
22087;Luis Oliveira;Luís Carlos Bertolo Oliveira;1969-03-24;São Luís;1,76 m;Centre-Forward;right;;0;0;31;7
22147;Bianconi;Stefano Bianconi;1968-12-31;San Miniato;1,88 m;Sweeper;right;;0;0;0;0
22256;Lineker;Gary Winston Lineker;1960-11-30;Leicester;1,80 m;Centre-Forward;right;;0;0;80;48
22455;Sosa;Rubén Sosa Arzaiz;1966-04-25;Montevideo;N/A;Centre-Forward;N/A;;0;0;46;15
23085;Nielsen;Jørgen Tofte Nielsen;1971-05-06;Nykøbing Falster;1,86 m;Goalkeeper;;;0;0;7;0
23764;Flies;Brian Flies;1969-08-29;Næstved;1,84 m;Goalkeeper;;;0;0;0;0
24039;Mykhaylenko;Dmytro Mykhaylenko;1973-07-13;Kirovohrad;1,90 m;Central Midfield;right;;0;0;23;2
25044;Tikhonov;Тихонов Андрей Валерьевич;1970-10-16;Korolev, Moskau Region;1,79 m;Attacking Midfield;both;;0;0;29;1
25274;Winkhold;Andre Winkhold;1962-03-04;Aachen;N/A;Right Midfield;;;0;0;0;0
25410;Mischke;Frank Mischke;1961-06-19;;N/A;;;;0;0;0;0
25819;Kulchiy;Кульчий Александр Николаевич;1973-11-01;Gomel;1,81 m;Defensive Midfield;left;;0;0;102;5
27720;Lindenberger;Klaus Lindenberger;1957-05-28;Linz;1,89 m;Goalkeeper;;;0;0;41;0
29470;Seo;서정원;1969-12-17;Gwangju;1,72 m;Right Midfield;both;;0;0;87;16
29513;Jackiewicz;Dariusz Jackiewicz;1973-12-02;Ostroda;1,79 m;Central Midfield;right;;0;0;0;0
29527;Murdza;Zbigniew Murdza;1970-01-05;Glogow;N/A;Centre-Forward;;;0;0;0;0
29713;Agafon;Mieczysław Agafon;1971-11-18;Trzebinia;1,77 m;;;;0;0;0;0
29807;Kubica;Andrzej Kubica;1972-07-07;Bedzin;1,90 m;Centre-Forward;;;0;0;13;6
29861;Wojcik;Zbigniew Wójcik;1971-02-04;Zarow;1,83 m;Centre-Back;right;;0;0;0;0
31373;Malm;Robert Malm;1973-08-21;Dunkerque;1,80 m;Centre-Forward;right;;0;0;6;0
32202;van Ankeren;Edwin van Ankeren;1968-08-13;Amsterdam;1,88 m;Centre-Forward;right;;0;0;0;0
32718;Bonacic;Luka Bonačić;1955-03-21;Split;;;;;0;0;0;0
33242;Harmat;Marijo Harmat;1970-09-19;;;;;;0;0;0;0
33473;Pedro Espinha;Pedro Manuel Espinha Ferreira;1965-09-25;Mafra;1,78 m;Goalkeeper;;;0;0;6;0
33983;Türker;Bülent Türker;1970-12-31;;N/A;;;;0;0;0;0
34619;Devine;Michael Devine;1973-03-19;Cobh;1,83 m;Goalkeeper;;;0;0;0;0
34649;Dimitrov;Красимир Димитров;1971-11-05;;1,82 m;Central Midfield;right;;0;0;0;0
36442;Jansson;Jesper Jansson;1971-01-08;;1,87 m;;;;0;0;0;0
37434;Rasmussen;Kenneth Rasmussen;1973-09-11;;1,82 m;Centre-Back;;;0;0;0;0
38807;Skogheim;Vegard Skogheim;1966-04-28;Hamar;1,74 m;Central Midfield;;;0;0;13;1
40122;Bein;Uwe Bein;1960-09-26;Heringen;N/A;Attacking Midfield;N/A;;0;0;17;3
46470;Ayew;Kwame Ayew;1973-12-28;Tamale;1,82 m;Centre-Forward;right;;0;0;28;10
46856;Djukanovic;Nenad Đukanović;1971-06-09;Obrenovac;1,78 m;Central Midfield;right;;0;0;0;0
48039;Hickersberger;Thomas Hickersberger;1973-08-21;Offenbach;1,80 m;;;;0;0;1;0
48461;Simeunovic;Marko Simeunovic;1967-12-06;Maribor;1,90 m;Goalkeeper;;;0;0;57;0
48628;Gray;Kevin Gray;1972-01-07;;1,83 m;Centre-Back;right;;0;0;0;0
48796;Unger;Manfred Unger;1969-05-10;Leoben;1,88 m;;;;0;0;0;0
57307;Caprile;Emilio Caprile;1928-09-30;Genova;1,70 m;;;;0;0;2;2
57431;Maciulevicius;Darius Maciulevicius;1973-11-06;;1,77 m;;;;0;0;38;10
58335;Nimni;אבי נמני;1972-04-26;Tel Aviv;N/A;Attacking Midfield;N/A;;0;0;80;17
60415;Mrdak;Milorad Mrdak;1971-01-03;Prijepolje;1,84 m;;;;0;0;0;0
71755;Berruet;Iñaki Berruet Mitxelena;1973-04-23;Irún;1,84 m;Centre-Back;;;0;0;0;0
76009;Pfeffer;Anton Pfeffer;1965-08-17;Lilienfeld;1,86 m;Centre-Back;;;0;0;64;1
77010;Sammer;Matthias Sammer;1967-09-05;Dresden;1,81 m;Defensive Midfield;right;;0;0;51;8
77517;Siegmann;Norbert Siegmann;1953-05-20;Berlin;N/A;Centre-Back;N/A;;28;0;0;0
78249;Prohaska;Herbert Prohaska;1955-08-08;Wien;N/A;Attacking Midfield;N/A;;0;0;83;10
78761;Mathy;Reinhold Mathy;1962-04-12;Memmingen;N/A;Centre-Forward;;;0;0;7;6
78792;Lonnemann;Manfred Lonnemann;1962-11-30;;;;;;0;0;0;0
79083;Siadaczka;Rafał Siadaczka;1972-02-21;Radom;1,79 m;;right;;0;0;18;2
79570;Reich;Burkhard Reich;1964-12-01;Fürstenwalde (Spree);1,91 m;Centre-Back;right;;0;0;7;0
80024;García;Luis García Postigo;1969-06-01;Mexiko-Stadt;1,72 m;;;;0;0;77;29
80122;Slomiany;Waldemar Slomiany;1943-10-01;Ruda (Oberschlesien);N/A;;;;98;11;0;0
81292;Régis;David Régis;1968-12-01;La Trinité;1,76 m;Centre-Back;right;;0;0;27;0
81625;Kuhnert;Stephan Kuhnert;1960-09-07;Baunatal;1,88 m;Goalkeeper;right;;0;0;0;0
84063;Lameck;Michael Lameck;1949-09-15;Essen;N/A;Defensive Midfield;N/A;;68;7;0;0
84619;Allgöwer;Karl Allgöwer;1957-01-05;Geislingen;N/A;Central Midfield;N/A;;0;0;10;0
84649;Kula;Karel Kula;1963-08-10;Trinec;1,81 m;Defensive Midfield;right;;0;0;43;5
85482;Koitka;Heinz-Josef Koitka;1952-02-12;Wattenscheid;N/A;Goalkeeper;N/A;;0;0;0;0
85575;Schmidt;Michael Schmidt;1962-08-06;Berlin;;;;;0;0;0;0
87896;Cyron;Ryszard Piotr Cyron;1965-02-11;Zabrze;N/A;Centre-Forward;;;0;0;2;0
88149;Sergeev;Сергеев Олег Вячеславович;1968-03-29;Volgograd;1,78 m;Centre-Forward;right;;0;0;3;1
88150;Shalimov;Шалимов Игорь Михайлович;1969-02-02;Moskau;1,82 m;Attacking Midfield;right;;0;0;24;3
88507;WaldhÃ¶r;Walter WaldhÃ¶r;1968-09-21;Kirchdorf/Krems;;;;;0;0;2;1
88569;Kartalija;Goran Kartalija;1966-01-17;Kljajicevo;1,81 m;Sweeper;right;;0;0;4;0
89230;Eusébio;Eusébio da Silva Ferreira;1942-01-25;Maputo;1,77 m;Centre-Forward;right;;0;0;64;41
92220;Aydin;Murat Ayhan Aydın;1966-04-04;Bursa;;Goalkeeper;;;0;0;0;0
92267;Turan;Cemil Turan;1947-01-01;Istanbul;;Centre-Forward;;;0;0;46;21
92305;Hipp;Michal Hipp;1963-03-13;Nitra;1,84 m;Right-Back;;;0;0;2;0
92658;Wojewski;Dirk Wojewski;1972-07-21;;;;;;0;0;0;0
94101;Zaczyk;Klaus Zaczyk;1945-05-25;Marburg;N/A;Attacking Midfield;N/A;;298;48;1;1
95034;Danner;Dietmar Danner;1950-11-29;Mannheim;N/A;Left Midfield;N/A;;94;20;6;0
95040;Grabosch;Bernd Grabosch;1958-09-23;;N/A;;;;0;0;0;0
95051;Mielers;Jörg Mielers;1964-11-02;Dortmund;N/A;;;;0;0;0;0
95420;Gruber;Peter Gruber;1952-09-07;;;;;;0;0;0;0
95458;Zobel;Rainer Zobel;1948-11-03;Wrestedt;;Defensive Midfield;;;188;18;0;0
96022;Schäfer;Hans Schäfer;1927-10-19;Köln-Zollstock;N/A;Attacking Midfield;N/A;;39;20;40;15
96069;Seretis;Πασχάλης Σερέτης;1967-06-07;Serres;N/A;Centre-Forward;N/A;;0;0;0;0
96181;Cullmann;Bernhard Cullmann;1949-11-01;Rötsweiler;N/A;Sweeper;N/A;;110;9;41;6
96554;Beyer;Harald Beyer;1939-09-21;Braunlage;;Centre-Forward;N/A;;27;5;0;0
96640;Hielscher;Dirk Hielscher;1962-10-17;;N/A;Right-Back;N/A;;0;0;0;0
96641;Hoffmann;Guido Hoffmann;1965-12-20;Lindlar;1,79 m;Attacking Midfield;right;;0;0;0;0
97069;Gress;Gilbert Gress;1941-12-17;Straßburg;N/A;Right Winger;N/A;;149;26;4;0
97124;Haug;Horst Haug;1946-05-12;Stuttgart;N/A;Attacking Midfield;N/A;;135;32;0;0
97245;Bakalorz;Dirk Bakalorz;1963-08-22;Bottrop;N/A;Central Midfield;N/A;;0;0;0;0
97250;Fournier;Hubert Fournier;1967-09-03;Riom;1,83 m;Centre-Back;;;0;0;0;0
97305;Kulik;Christian Kulik;1952-12-06;Zabrze;N/A;Central Midfield;N/A;;82;10;0;0
97331;Le Fevre;Ulrik Le Fevre;1946-06-25;Vejle;;Left Winger;N/A;;90;21;35;7
97388;Jansen;Albert Jansen;1936-11-03;;;;;;30;0;0;0
97490;Nüssing;Dieter Nüssing;1949-08-15;Güls;1,73 m;Centre-Forward;;;23;5;0;0
97609;Kristensen;Jørgen Kristensen;1946-12-12;Hedehusene;;Left Winger;;;0;0;23;3
99708;Jusufi;Фахрудин Јусуфи;1939-12-08;Dragaš;N/A;Right-Back;N/A;;111;2;56;5
99711;Kraus;Helmut Kraus;1938-11-16;Hirschaid;N/A;Second Striker;N/A;;65;7;0;0
99945;Vladoiu;Ion Vlădoiu;1968-11-05;Călinești;1,68 m;Right Winger;right;;0;0;28;2
100083;Ananiev;Antonio Ananiev;1965-05-08;Sofia;N/A;Goalkeeper;;;0;0;6;0
100549;Metzler;Helmut Metzler;1945-03-05;Hohenems;;;;;0;0;6;0
100609;Fuhl;Wenanty Fuhl;1960-12-02;Ruda Śląska;N/A;Centre-Back;N/A;;0;0;0;0
100670;Jacquet;Ib Jacquet;1956-04-12;Vejle;;Centre-Forward;;;0;0;2;0
100919;Schmitt;Michael Schmitt;1960-08-29;;N/A;Right-Back;N/A;;0;0;0;0
100925;Stosic;Zoran Stosic;1970-04-30;;;Sweeper;;;0;0;0;0
101037;Tsveiba;Цвейба Ахрик Сократович;1966-09-10;Gudauta;1,83 m;Sweeper;right;;0;0;8;0
101056;Petz;Manfred Petz;1961-05-05;Mainz;1,78 m;Goalkeeper;right;;0;0;0;0
101120;Vahirua;Pascal Vahirua;1966-03-09;Papeete;1,73 m;Left Winger;left;;0;0;22;1
101136;McKimmie;Stewart McKimmie;1962-06-27;Aberdeen;1,73 m;Right-Back;;;0;0;40;1
101169;Jakubowski;Bernd Jakubowski;1952-12-10;Rostock;N/A;Goalkeeper;;;0;0;0;0
101325;Palmer;Carlton Lloyd Palmer;1965-12-05;Rowley Regis;N/A;Defensive Midfield;N/A;;0;0;18;1
101432;Gelfert;Herbert Gelfert;1950-07-06;;;Defensive Midfield;;;0;0;0;0
101570;Lopetegui;Julen Lopetegui Argote;1966-09-28;Asteasu;1,85 m;Goalkeeper;;;0;0;1;0
101752;Czerniatynski;Alexandre Czerniatynski;1960-07-28;Charleroi;1,86 m;Centre-Forward;right;;0;0;31;8
102024;Preda;Ştefan Gabriel Preda;1970-06-18;Ploieşti;1,87 m;Goalkeeper;;;0;0;3;0
102083;Hauksson;Stefán Björn Hauksson;1970-01-01;;;;;;0;0;0;0
102291;Alexoudis;Αλέξης Αλεξούδης;1972-06-20;Florina;1,85 m;Centre-Forward;right;;0;0;4;1
102299;Minou;Aντώνης Mήνου;1958-05-04;Aridea;N/A;Goalkeeper;N/A;;0;0;16;0
102498;Townsend;Andy Townsend;1963-07-23;Maidstone;1,80 m;Central Midfield;right;;0;0;70;8
102501;Whelan;Ronald Andrew Whelan;1961-09-25;Dublin;N/A;Left Midfield;N/A;;0;0;54;3
102506;Halle;Gunnar Halle;1965-08-11;Larvik;1,83 m;Right-Back;right;;0;0;64;5
102530;Brunner;Alex Brunner;1973-12-08;Trieste;1,87 m;Goalkeeper;;;0;0;0;0
102583;Raí;Raimundo Souza Vieira de Oliveira;1965-05-15;Ribeirão Preto;1,88 m;Attacking Midfield;right;;0;0;54;17
102614;Omam-Biyik;François Omam-Biyik;1966-05-21;Sakbayenne;1,84 m;Centre-Forward;right;;0;0;77;45
102615;Songo`o;Jacques Celestine Songo`o;1964-03-17;Sakbayenne;1,82 m;Goalkeeper;;;0;0;9;0
102755;Högh;Jes Høgh;1966-05-07;Aalborg;1,84 m;Centre-Back;right;;0;0;57;1
103756;Castro;Alfredo da Silva Castro;1962-10-05;Vila do Conde;1,82 m;Goalkeeper;;;0;0;3;0
103807;Cvitanovic;Igor Cvitanović;1970-11-01;Osijek;1,86 m;Centre-Forward;right;;0;0;33;4
104889;Sándor;Csaba Sándor;1965-10-21;Újfehértó;1,76 m;Defensive Midfield;right;;0;0;0;0
106110;van der Vegt;Henry van der Vegt;1972-02-18;Kampen;1,85 m;;;;0;0;0;0
106441;Lelle;Frank Lelle;1965-02-04;Hermersberg;N/A;;;;0;0;0;0
106845;Mjelde;Mons Ivar Mjelde;1967-11-17;Osterøy;1,86 m;Centre-Forward;;;0;0;3;2
106847;Camara;Aboubacar Sidiki Camara;1972-11-17;Conakry;1,84 m;Centre-Forward;right;;0;0;38;23
106909;Marchoul;Guy Marchoul;1965-11-04;;;;;;0;0;0;0
106923;Rossi;Sebastiano Rossi;1964-07-20;Cesena;1,98 m;Goalkeeper;;;0;0;0;0
107083;Charvet;Laurent Charvet;1973-05-08;Béziers;1,87 m;Right-Back;right;;0;0;0;0
107092;Lee;David John Lee;1969-11-26;Kingswood, Surrey;1,91 m;Centre-Back;;;0;0;10;0
107906;Jäväjä;Jari Jäväjä;1973-08-16;;;;;;0;0;6;0
109044;Schulze;Frank Schulze;1970-03-31;Riesa;;Goalkeeper;;;0;0;0;0
109194;Carracedo;Marcelo Carracedo;1970-04-16;Buenos Aires;N/A;;N/A;;0;0;0;0
109249;Hartenberger;Uwe Hartenberger;1968-02-01;;;;;;0;0;0;0
109443;Schwager;Dietmar Schwager;1940-08-15;;N/A;Sweeper;N/A;;294;2;0;0
109708;Herberth;Alfred Herberth;1955-12-26;Dachau;N/A;;;;0;0;0;0
110081;Perepadenko;Sergiy Perepadenko;1972-05-26;Zaporizhya;1,72 m;Right Winger;right;;0;0;1;0
110257;Poulsen;Kaj Kvistgård Poulsen;1942-12-31;Morsø;;;;;52;4;5;1
111095;Hamar;Emil Hamar;1970-02-10;;;;;;0;0;0;0
112152;Eichenauer;Henrik Eichenauer;1968-07-07;;;;;;0;0;0;0
112485;Lehmann;Bernd Lehmann;1947-09-01;Krefeld;N/A;Attacking Midfield;N/A;;164;33;0;0
114627;Gedikali;Gökhan Gedikali;1966-01-08;Ankara;;Centre-Back;;;0;0;7;0
114929;Yaw Acheampong;Joachin Yaw Acheampong;1973-11-02;Accra;1,81 m;;;;0;0;0;0
115908;Serdar;Kemal Serdar;1962-05-08;Trabzon;1,78 m;Centre-Back;;;0;0;12;0
116067;Rodríguez;Rodolfo Sergio Rodríguez Rodríguez;1956-01-20;Montevideo;1,91 m;Goalkeeper;;;0;0;78;0
116134;Frimann;Per Frimann;1962-06-04;Gladsaxe;1,77 m;Central Midfield;;;0;0;18;1
116140;Rasmussen;Troels Rasmussen;1961-04-07;Ebeltoft;1,93 m;Goalkeeper;;;0;0;40;0
116146;Bett;James Bett;1959-11-25;Hamilton;1,80 m;Left Midfield;left;;0;0;26;1
116148;McAvennie;Frank McAvennie;1959-11-22;Milton, Glasgow;;Centre-Forward;;;0;0;5;1
116154;Sharp;Graeme Marshall Sharp;1960-10-16;Cardowan, Glasgow;1,85 m;Centre-Forward;right;;0;0;16;1
116864;Álvaro Magalhães;Álvaro Monteiro Magalhães;1961-01-03;Lamego;1,80 m;Left-Back;left;;0;0;20;0
116986;Bezhenar;Sergiy Bezhenar;1970-08-09;Nikopol;1,83 m;Centre-Back;;;0;0;23;1
117004;Hahn;Knut Hahn;1964-12-19;;N/A;;;;0;0;0;0
117195;Sansom;Kenneth Graham Sansom;1958-09-26;London;1,68 m;Left-Back;left;;0;0;86;1
117404;Burcsa;Győző Burcsa;1954-03-13;Kaposvár;1,75 m;Central Midfield;;;0;0;15;3
117490;Bossis;Maxime Bossis;1955-06-26;Saint-André;N/A;Centre-Back;N/A;;0;0;76;1
117733;Alim Ben Mabrouk;Abdelhamid Halim Benmabrouk;1960-06-25;Lyon;1,80 m;Defensive Midfield;;;0;0;3;0
118144;Bodart;Gilbert Bodart;1962-09-02;Ougrée;N/A;Goalkeeper;;;0;0;12;0
118164;Renquin;Michel Renquin;1955-11-03;Bastogne;1,80 m;Left-Back;right;;0;0;55;0
118202;Cabañas;Roberto Cabañas González;1961-04-11;Pilar;1,82 m;Centre-Forward;;;0;0;4;2
119387;Holzer;Frank Holzer;1953-03-05;;;;;;0;0;0;0
120370;Sopko;Jan Sopko;1968-10-17;;;;;;0;0;0;0
120418;De Sart;Jean-Francois De Sart;1961-12-18;Waremme;;Centre-Back;;;0;0;3;0
120540;Virdis;Antonio Pietro Paolo Virdis;1957-06-26;Sassari;N/A;Centre-Forward;;;0;0;0;0
120601;Valentincic;Sandi Valentincic;1967-08-25;;N/A;;;;0;0;6;0
121090;Fontolan;Silvano Fontolan;1955-02-24;Garbagnate;N/A;Centre-Back;;;0;0;0;0
126498;Dubajic;Dragan Dubajic;1964-07-07;Apatin;1,82 m;;;;0;0;0;0
126544;Zisser;Michael Zisser;1966-10-05;;;;;;0;0;1;1
127708;Sandberg;Roland Sandberg;1946-12-16;Karlskrona;;Centre-Forward;N/A;;32;19;37;15
128882;Causio;Franco Causio;1949-02-01;Lecce;1,70 m;Right Winger;right;;0;0;63;6
128987;Lopez;Christian Lopez;1953-03-15;Aïn-Temouchent;1,77 m;Sweeper;right;;0;0;39;1
128995;Trésor;Marius Trésor;1950-01-15;Sainte-Anne;1,80 m;Sweeper;right;;0;0;65;4
130988;Custers;Theo Custers;1950-08-01;Gent;1,86 m;Goalkeeper;right;;0;0;10;0
131030;Black;Eric Black;1963-10-01;Bellshill;;Centre-Forward;;;0;0;3;0
131294;Mackay;Gary Mackay;1964-01-23;Edinburgh;;Attacking Midfield;right;;0;0;5;2
131455;Penzel;Jens-Uwe Penzel;1964-11-14;KÃ¶nigsee/ThÃ1⁄4ringen;N/A;;;;0;0;0;0
132389;Gudelj;Ivan Gudelj;1960-09-21;Imotski;1,83 m;Defensive Midfield;;;0;0;33;3
132774;Grishin;Гришин Геннадий Алексеевич;1964-11-25;Dankov, Lipetsk Region;N/A;Central Midfield;N/A;;0;0;0;0
132792;Szangolies;Uwe Szangolies;1962-08-10;Neubrandenburg;N/A;Centre-Back;N/A;;0;0;0;0
132805;Zhelev;Наско Желев;1960-01-09;;;;;;0;0;1;0
132969;Jurkemik;Ladislav Jurkemik;1953-07-20;Jacovce;N/A;Centre-Back;N/A;;0;0;62;3
133753;Cubillas;Teófilo Juan Cubillas Arizaga;1949-03-08;Lima;1,73 m;Attacking Midfield;;;0;0;81;26
133919;Dziubinski;Tomasz Dziubinski;1968-08-08;Radom;1,76 m;;;;0;0;0;0
134594;Bwalya;Kalusha Bwalya;1963-08-16;Mufulira;1,77 m;Centre-Forward;;;0;0;100;50
135095;Miguel Ángel;Miguel Ángel González Suárez;1947-12-24;Ourense;1,74 m;Goalkeeper;;;0;0;21;0
135284;Burley;George Elder Burley;1956-06-03;Cumnock;N/A;Right-Back;;;0;0;13;0
135304;McAlpine;Hamish Robert McAlpine;1948-01-21;Kilspindie;;Goalkeeper;;;0;0;5;0
135587;Banas;Jan Banaś;1943-03-29;;1,71 m;;;;0;0;31;7
135614;de Matos;Luís Maria Cabral Norton de Matos;1953-12-14;Lissabon;;;;;0;0;6;1
135633;Jongbloed;Jan Jongbloed;1940-11-25;Amsterdam;1,79 m;Goalkeeper;;;0;0;24;0
135645;Rep;John Nicholaas Rep;1951-11-20;Zaandam;1,80 m;Right Winger;right;;0;0;42;12
135646;Rijsbergen;Wim Rijsbergen;1952-01-18;Leiden;1,81 m;Centre-Back;;;0;0;28;1
135657;Christensen;Tommy Anton Christensen;1961-07-20;Hillerød;N/A;;;;0;0;1;0
135788;Manfredonia;Lionello Manfredonia;1956-11-27;Roma;1,82 m;Defensive Midfield;;;0;0;4;0
135793;Zaccarelli;Renato Zaccarelli;1951-01-18;Ancona;N/A;Central Midfield;N/A;;0;0;25;2
138001;Skiba;Boguslaw Skiba;1960-11-16;Rzeszów;1,85 m;;;;0;0;2;0
138028;Timm;Matthias Timm;1968-10-14;Itzehoe;N/A;Attacking Midfield;N/A;;0;0;7;0
138290;Strube;Jörg Strube;1971-02-21;;;;;;0;0;0;0
138300;Winter;Dirk Winter;1965-12-18;;;Goalkeeper;;;0;0;0;0
141879;Pintér;Sándor Pintér;1950-07-18;Pomáz;1,74 m;Defensive Midfield;;;0;0;37;2
142950;Werner;Jürgen Werner I;1961-12-03;Wels;1,79 m;Central Midfield;;;0;0;11;0
142998;Haller;René Haller;1973-11-12;;1,74 m;;;;0;0;1;0
143555;Kapka;Zdzisław Kapka;1954-12-07;Kraków;1,81 m;Second Striker;;;0;0;14;1
143741;Smith;David Smith;1970-12-26;Liverpool;;;;;0;0;0;0
145120;Muzinic;Dražen Mužinić;1953-01-25;;;;;;0;0;33;1
145370;Wilson;Giuseppe Wilson;1945-10-27;Darlington;1,73 m;Sweeper;;;0;0;3;0
145527;Andersson;Sven Andersson;1945-04-18;;;;;;0;0;3;0
145783;Cousins;Anthony Cousins;1969-08-25;Dublin;;Centre-Forward;right;;0;0;6;4
146630;Jovin;Milan Jovin;1955-12-13;Srpska Crnja;;;;;0;0;4;0
146888;Salo;Erkki Salo;1953-02-23;;;;;;0;0;0;0
149003;Meutstege;Wim Meutstege;1952-07-28;Lochem;;;;;0;0;1;0
149126;Spelbos;Ronald Spelbos;1954-07-08;Amersfoort;;Centre-Back;;;0;0;21;1
149221;Toft;Jørgen Toft;1954-01-20;;;;;;0;0;0;0
149282;Fischer;Harald Fischer;1965-12-26;;1,88 m;Goalkeeper;;;0;0;0;0
149945;Algérino;Jimmy Algérino;1971-10-28;Toulouse;1,74 m;Right-Back;right;;0;0;0;0
150319;Peltoniemi;Markku Peltoniemi;1948-02-08;Helsinki;;;;;0;0;0;0
150614;Haar;Martin Haar;1952-05-02;Zwolle;;;;;0;0;0;0
150641;Argote;Estanislao Argote Salaberria;1956-10-21;Zarautz;1,80 m;Left Winger;left;;0;0;2;0
150920;Valke;Michel Valke;1959-08-24;Zwijndrecht;1,74 m;Left Midfield;left;;0;0;16;0
151358;Weber;Nicolas Weber;1970-10-28;Metz;1,85 m;Left-Back;left;;0;0;0;0
151445;Laquait;Stéphane Laquait;1973-01-18;Désertines;1,85 m;Defensive Midfield;;;0;0;0;0
151459;Pickeu;Olivier Pickeu;1970-02-24;Armentières;1,80 m;Centre-Forward;;;0;0;0;0
152816;Mazzuchetti;Philippe Mazzuchetti;1967-05-01;Nizza;1,72 m;Attacking Midfield;;;0;0;0;0
152845;Rouxel;Lionel Rouxel;1970-08-16;Saint-Pôtan;1,82 m;Centre-Forward;;;0;0;0;0
154238;Veldhoen;Cor Pleun Veldhoen;1939-04-06;Rotterdam;;Left-Back;right;;0;0;27;0
154256;Vreijsen;Nicolaas Martinus Hubertus Johannes Vreijsen;1955-11-15;Breda;;Right Winger;;;0;0;1;0
154586;Etxeberria;Imanol Etxeberria Egaña;1973-03-27;Bergara;1,87 m;Goalkeeper;;;0;0;0;0
156209;Böckli;Roberto Böckli;1959-08-12;Frauenfeld;;Goalkeeper;;;0;0;0;0
158582;Arnold;Graham James Arnold;1963-08-03;Sydney;1,79 m;Centre-Forward;;;0;0;56;19
159967;Olaizola;Julio Olaizola Rodríguez;1950-12-25;Lasarte-Oria;1,74 m;Left-Back;left;;0;0;0;0
160386;Josep Fusté;Josep Maria Fusté i Blanch;1941-04-15;Linyola;1,74 m;;;;0;0;8;3
165411;Brady;William Brady;1956-02-13;Dublin;1,74 m;Attacking Midfield;left;;0;0;72;9
166555;Menichini;Leonardo Menichini;1953-12-11;Ponsacco;1,81 m;Centre-Back;;;0;0;0;0
166852;Piturca;Victor Piţurcă;1956-05-08;Orodel;;Centre-Forward;;;0;0;14;7
168498;Ekelund;Ronnie Michael Ekelund;1972-08-21;Glostrup;1,79 m;Left Midfield;;;0;0;21;3
169184;Schönenberger;Urs Schönenberger;1959-02-21;Zürich;;;;;0;0;0;0
169281;Polychroniou;Κωνσταντίνος Πολυχρονίου;1936-11-12;Platanistos;;Central Midfield;;;0;0;27;0
169384;Gögh;Koloman Gögh;1948-01-07;Kladno;;Left-Back;N/A;;0;0;60;1
170710;Marquitos;Marcos Alonso Imaz;1933-04-16;Santander;;Right-Back;right;;0;0;2;0
171954;Stöffelbauer;Günter Stöffelbauer;1964-01-16;;;;;;0;0;0;0
172380;Loren;Lorenzo Morón Vizcaíno;1970-02-16;Marbella;1,86 m;Centre-Back;;;0;0;0;0
172396;Picún;Fernando Alvaro Picún De León;1972-02-14;Montevideo;1,85 m;Centre-Back;;;0;0;0;0
172440;Le Guen;Paul Le Guen;1964-03-01;Pencran;1,86 m;Defensive Midfield;right;;0;0;17;1
172469;Järelöv;Sören Järelöv;1965-01-10;;1,80 m;Goalkeeper;;;0;0;0;0
173047;Bucur;Bogdan Bucur;1970-04-21;Bukarest;;;;;0;0;0;0
173071;Ingebrigtsen;Kåre Ingebrigtsen;1965-11-11;Trondheim;1,75 m;Defensive Midfield;;;0;0;23;1
173536;Thorst;Søren Thorst;1965-01-08;;1,81 m;Centre-Back;;;0;0;0;0
173655;Piveteau;Fabien Piveteau;1963-10-28;Cholet;1,88 m;Goalkeeper;;;0;0;0;0
173665;Banjac;Бojaн Бaњaц;1971-10-24;;1,78 m;;;;0;0;0;0
173678;Der Zakarian;Միքայել Տեր–Զաքարյան;1963-02-18;Jerewan;1,80 m;Centre-Back;left;;0;0;5;0
173824;Oudjani;شريف وجاني;1964-12-09;Lens;1,87 m;Centre-Forward;;;0;0;10;2
174137;Jakonen;Petri Jakonen;1967-06-09;Suolahti;1,88 m;Goalkeeper;;;0;0;27;0
174240;Halfon;פליקס חלפון‎‎;1972-04-07;Bat Yam;1,75 m;Right-Back;right;;0;0;38;0
174424;Christofi;Michalis Christofi;1969-07-24;;;Goalkeeper;;;0;0;21;0
174458;Thomas;Jean-Christophe Thomas;1964-10-16;Châlons-sur-Marne;1,83 m;Defensive Midfield;left;;0;0;0;0
175888;Sellars;Scott Sellars;1965-11-27;Sheffield;1,72 m;Left Midfield;;;0;0;3;0
176088;Gayle;Howard Anthony Gayle;1958-05-18;Toxteth, Liverpool;;Right Winger;;;0;0;3;1
176121;McGarvey;Francis McGarvey;1956-03-17;Glasgow;;;;;0;0;8;0
176210;Bolder;Robert John Bolder;1958-10-02;Dover;;Goalkeeper;;;0;0;0;0
176222;Gregg;Henry Gregg;1932-10-25;Magherafelt;1,83 m;Goalkeeper;;;0;0;25;0
176274;Gaskell;John David Gaskell;1940-10-05;Orrell;1,78 m;Goalkeeper;;;0;0;0;0
176295;Connelly;John Michael Connelly;1938-07-18;St Helens;1,73 m;Right Winger;right;;0;0;20;7
176327;Edwards;Paul Francis Edwards;1947-10-07;Shaw and Crompton;1,78 m;Right-Back;right;;0;0;0;0
176351;Bielby;Paul Anthony Bielby;1956-11-24;Darlington;1,75 m;Left Winger;;;0;0;0;0
176675;Barnett;Geoffrey Colin Barnett;1946-10-16;Northwich;;Goalkeeper;;;0;0;0;0
176708;Mancini;Terence John Mancini;1942-10-04;Camden Town, London;;Centre-Back;;;0;0;5;1
176734;Walford;Stephen James Walford;1958-01-05;London;;Centre-Back;;;0;0;0;0
176738;Young;William David Young;1951-11-25;Edinburgh;;Centre-Back;;;0;0;0;0
176745;Hillier;David Hillier;1969-12-19;London;1,78 m;Central Midfield;;;0;0;0;0
176755;Pates;Colin George Pates;1961-08-10;London;1,83 m;Centre-Back;left;;0;0;0;0
176756;Scully;Patrick Joseph Scully;1970-06-23;Dublin;1,91 m;Centre-Back;;;0;0;1;0
176800;Freestone;Roger Freestone;1968-08-19;Caerleon;1,91 m;Goalkeeper;;;0;0;1;0
176826;Pardoe;Glyn Pardoe;1946-06-01;Winsford;1,78 m;Left-Back;;;0;0;0;0
176930;Ranson;Raymond Ranson;1960-06-12;St Helens;1,75 m;Right-Back;right;;0;0;11;0
176944;Reeves;Kevin Phillip Reeves;1957-10-20;Burnley;;;;;0;0;1;0
176972;Hutchinson;Ian Hutchinson;1948-08-04;Derby;;Centre-Forward;;;0;0;0;0
177177;Bailey;John Bailey;1957-04-01;Liverpool;1,73 m;Left-Back;left;;0;0;0;0
177242;Walsh;Michael Anthony Walsh;1954-08-13;Chorley;;Centre-Forward;;;0;0;21;3
177288;Lochhead;Andrew Lorimar Lochhead;1941-03-09;Milngavie;1,82 m;Centre-Forward;;;0;0;0;0
177723;Kachila;אהוד כחילה;1968-07-13;Jerusalem;;Centre-Back;;;0;0;0;0
177755;Daly;Declan Daly;1966-05-01;Cork;;;;;0;0;0;0
177760;Morley;Patrick Morley;1965-05-18;Cork;;Centre-Forward;;;0;0;0;0
178673;Annenkov;Анненков Андрій Михайлович;1969-01-21;Vinnytsya;1,82 m;;;;0;0;1;0
178774;Lykke;Henrik Lykke;1970-04-03;Kopenhagen;1,83 m;Centre-Back;;;0;0;0;0
178777;Michael Mio-Nielsen;Michael Elmer Dahl Nielsen;1965-02-11;Herstedvester;1,83 m;Right-Back;;;0;0;1;0
178832;Miller;Mark Miller;1962-09-22;Newcastle upon Tyne;;Right Winger;;;0;0;0;0
179292;Konkov;Коньков Анатолій Дмитрович;1949-09-19;Chervony Luch, Lugansk Region;1,80 m;Defensive Midfield;right;;0;0;47;8
179572;Josu Lobato;Josu Lobato Eguren;1968-08-07;;1,87 m;Goalkeeper;;;0;0;0;0
179886;Donev;Nikolai Donev;1970-04-29;;;;;;0;0;0;0
179891;Kirov;Ivailo Kirov;1965-12-30;;;;;;0;0;4;0
180262;Ratkovic;Милорад Paткoвић;1964-10-16;Zenica;1,83 m;Left Midfield;;;0;0;0;0
180297;Boström;Sixten Boström;1963-09-15;Helsinki;1,77 m;;;;0;0;0;0
180571;Eszenyi;Dénes Eszenyi;1968-01-09;Nyíregyháza;1,84 m;Centre-Forward;right;;0;0;12;1
180629;Kiki;Alcides Rodrigues Tavares;1961-10-28;Praia;;Attacking Midfield;;;0;0;0;0
180636;Keenan;Michael Keenan;1956-04-05;Newry;;Goalkeeper;;;0;0;0;0
180692;McDonnell;Jonathan McDonnell;1965-03-26;Dublin;;;;;0;0;0;0
181357;Hännikäinen;Jyrki Hännikäinen;1965-03-30;Helsinki;1,71 m;Sweeper;right;;0;0;16;0
181599;Allen;Malcolm Allen;1967-03-21;Deiniolen, Gwynedd;;;;;0;0;14;3
181664;Baltusnikas;Virginijus Baltusnikas;1968-10-22;Panavezys;N/A;Centre-Back;N/A;;0;0;42;9
181971;Bystrov;Быстров Дмитрий Вячеславович;1967-07-30;Moskau;1,84 m;Left-Back;left;;0;0;0;0
182004;Karlsson;Jan Karlsson;1940-12-04;;;;;;0;0;28;1
182447;Baranauskas;Stasys Baranauskas;1962-05-07;Kaunas;N/A;;;;0;0;14;1
182796;Scuto;Denis Scuto;1964-11-13;;;;left;;0;0;7;0
182844;Topic;Nedeljko Topic;1960-12-24;;;;;;0;0;0;0
184689;Vergeichik;Вергейчик Юрий Васильевич;1968-03-05;Minsk;N/A;;;;0;0;7;1
184854;Hermann;Herbert Hermann;1956-04-14;Zürich;1,81 m;Left-Back;;;0;0;12;1
185865;Shavrov;Pavel Shavrov;1971-01-28;;;;;;0;0;1;0
186334;De Marchi;Marco Antonio De Marchi;1966-09-08;Milano;1,82 m;Centre-Back;;;0;0;0;0
186470;de Romijn;Hennie de Romijn;1968-02-23;Leiden;;Left-Back;left;;0;0;0;0
187048;Smit;Cornelis J.V. Smit;1940-02-25;;;;;;0;0;0;0
187698;Gabelia;ოთარ გაბელია;1953-03-24;Zugdidi;N/A;Goalkeeper;N/A;;0;0;2;0
187710;Tavadze;გიორგი თავაძე / Георгий Григорьевич Тавадзе;1955-05-21;Lanchkhuti;1,73 m;;;;0;0;0;0
187797;Berges;Rafael Berges Martín;1971-01-21;Córdoba;1,82 m;Left-Back;left;;0;0;0;0
187990;Talvan;Iosif Ovidiu Talvan;1972-07-29;Sibiu;1,76 m;Left Midfield;left;;0;0;2;0
188573;Vredenburg;Gerard Vredenburg;1947-02-01;;;;;;0;0;0;0
189295;Damjanac;Никола Дамјанац;1971-10-27;Mostar;1,90 m;Goalkeeper;right;;0;0;0;0
191627;Dzurják;József Dzurják;1961-03-02;Gödöllő;1,89 m;Centre-Forward;right;;0;0;0;0
193638;Ganzer;Gianfranco Ganzer;1930-03-29;Tarvisio;1,80 m;;;;0;0;0;0
193796;Cowans;Gordon Sidney Cowans;1958-10-27;West Cornforth;1,77 m;;;;0;0;11;2
194076;Rath;Andreas Rath;1962-09-13;;1,75 m;;;;0;0;0;0
194290;Kenesei;Zoltán Kenesei;1972-09-16;;;;;;0;0;0;0
194575;Angelis;Αθανάσιος Αγγελής;1946-03-25;Egaleo;1,74 m;Left-Back;left;;0;0;11;0
195935;Kalogeropoulos;Βαγγέλης Καλογερόπουλος;1965-02-13;Kyparissia;1,85 m;;;;0;0;3;0
197360;Olde Riekerink;Johannes Hendrikus Olde Riekerink;1963-02-22;Hengelo;;Right Midfield;;;0;0;0;0
200123;Clemente;Javier Clemente Lázaro;1950-03-12;Barakaldo;N/A;Left Midfield;N/A;;0;0;0;0
200753;Loinaz Balda;Mikel Loinaz Balda;1967-03-28;Andoain;1,84 m;;;;0;0;0;0
200973;Zettl;Oliver Zettl;1964-07-29;;;;;;0;0;0;0
201881;Ivanovic;Milan Ivanovic;1960-12-21;Sivac;;Centre-Back;;;0;0;0;0
204146;Attard;Lawrence Attard;1966-06-06;;;;;;0;0;16;0
206266;Lipponen;Kimmo Lipponen;1962-12-09;Sipoo;;;;;0;0;0;0
209194;Shepel;Анатолій Миколайович Шепель;1949-12-12;Kiew;1,74 m;Centre-Forward;right;;0;0;1;0
210380;Bonalair;Thierry Bonalair;1966-06-14;Paris;1,73 m;Left-Back;;;0;0;4;0
210385;Giannini;Mauro Giannini;1971-12-23;Riddes;1,83 m;;;;0;0;0;0
210490;van der Net;Marcel van der Net;1964-12-24;Dordrecht;1,66 m;Sweeper;right;;0;0;0;0
212970;Sabo;Золтан Сабо;1972-05-26;Sombor;1,83 m;Centre-Back;;;0;0;0;0
213685;Dinu;Cornel Dinu;1948-08-02;Târgoviște;1,78 m;Centre-Back;right;;0;0;71;7
214028;Liddle;Craig George Liddle;1971-10-21;Chester-le-Street;1,80 m;Centre-Back;;;0;0;0;0
214165;Ito;Andrés Alonso García;1961-04-26;Salamanca;1,75 m;Centre-Forward;;;0;0;0;0
214171;García Hernández;Francisco García Hernández;1954-07-08;Madrid;;Central Midfield;;;0;0;0;0
214375;Yudin;Юдин Андрей Викторович;1967-06-28;;1,74 m;Right-Back;right;;0;0;1;0
214725;Navarro;James Navarro;1966-10-14;;;;;;0;0;0;0
215081;McGaughey;Martin McGaughey;1960-08-31;Moneyreagh;;;;;0;0;0;0
215101;Verdin;Magnus Verdin;1970-04-24;;;Goalkeeper;;;0;0;0;0
215104;Johansson;Magnus Johansson;1964-10-05;Göteborg;;;;;0;0;0;0
215106;Poullain;Fabrice Poullain;1962-08-27;Alençon;1,72 m;Defensive Midfield;right;;0;0;10;0
215713;Vojta;Josef Vojta;1935-04-19;Pilsen;;;;;0;0;0;0
215723;Vidinic;Blagoje Vidinić;1934-06-11;Skopje;N/A;Goalkeeper;;;0;0;3;0
215887;Nodia;გივი ნოდია;1948-01-02;Kutaisi;1,70 m;Second Striker;right;;0;0;21;5
216053;Fenyvesi;Máté Fenyvesi;1933-09-19;Jánoshalma;;Left Winger;both;;0;0;76;8
216067;Sipos;Ferenc Sipos;1932-12-13;Budapest;1,80 m;Centre-Back;right;;0;0;77;1
216556;Ontano;Danilo Ontano;1965-10-04;;;;;;0;0;0;0
216584;Thouvenel;Jean-Christophe Thouvenel;1958-10-08;Colmar;1,73 m;Right-Back;;;0;0;4;0
217783;Engin;Sinan Engin;1964-11-04;Trabzon;1,70 m;Left Winger;left;;0;0;2;0
217796;Favero;Luciano Favero;1957-10-11;Santa Maria di Sala;1,77 m;Centre-Back;;;0;0;0;0
217808;Shepherd;Anthony Shepherd;1966-11-16;Glasgow;;;;;0;0;0;0
218333;Prytz;Hans Prytz;1963-05-14;;;;;;0;0;0;0
221589;Gyimesi;László Gyimesi;1957-09-08;Budapest;1,73 m;;;;0;0;15;1
222095;Pears;Stephen Pears;1962-01-22;Brandon;1,84 m;Goalkeeper;;;0;0;0;0
222524;Norton;David Wayne Norton;1965-03-03;Cannock;1,70 m;;;;0;0;0;0
222640;Gallacher;Bernard Gallacher;1967-03-22;Johnstone;;Left-Back;;;0;0;0;0
222641;Gray;Stuart Gray;1960-04-19;Withernsea;1,78 m;Central Midfield;left;;0;0;0;0
222734;Day;Mervyn Richard Day;1955-06-26;Chelmsford;1,87 m;Goalkeeper;;;0;0;0;0
222782;Mariani;Pietro Mariani;1962-06-09;Rieti;1,79 m;Centre-Back;;;0;0;8;0
222810;Ganzera;Frank Ganzera;1947-09-08;Dresden;N/A;Left-Back;;;0;0;13;0
222836;Sammer;Klaus Sammer;1942-12-05;Gröditz;;;;;0;0;17;0
222878;Cross;Roger Cross;1948-10-20;London;;Centre-Forward;;;0;0;0;0
222973;Cantarutti;Aldo Cantarutti;1958-01-17;Manzano;1,89 m;Centre-Forward;;;0;0;1;0
222980;Magrin;Marino Magrin;1959-09-13;Borso del Grappa;1,77 m;Attacking Midfield;right;;0;0;0;0
222986;Piotti;Ottorino Piotti;1954-07-31;Gallarate;1,82 m;Goalkeeper;;;0;0;0;0
222994;De Patre;Tiziano De Patre;1968-12-18;Notaresco;1,80 m;Left Midfield;left;;0;0;2;0
223088;Durmaz;AbdÃ¼lkerim Durmaz;1960-09-13;Istanbul;;Sweeper;;;0;0;11;0
223243;Ord;Richard Ord;1970-03-03;Easington;1,88 m;;;;0;0;0;0
223256;Varadi;Imre Varadi;1959-07-08;Paddington;1,75 m;Centre-Forward;;;0;0;0;0
223463;Fortunato;Andrea Fortunato;1971-07-26;Salerno;1,78 m;Left-Back;left;;0;0;1;0
223466;Greco;Alfonso Greco;1969-05-19;Roma;1,77 m;Central Midfield;;;0;0;0;0
223475;Paolino;Raffaele Paolino;1969-04-04;Milano;1,78 m;Left Winger;;;0;0;0;0
223563;Goodridge;Gregory Ronald St. Clair Goodridge;1971-07-10;;1,68 m;;;;0;0;46;7
223575;Yates;Stephen Yates;1970-01-29;Bristol;;;;;0;0;0;0
223750;Bruggink;Harry Bruggink;1953-04-16;Varsseveld;;;;;0;0;0;0
224018;Magistrelli;Sergio Magistrelli;1951-11-11;Roveda;1,78 m;Centre-Forward;;;0;0;0;0
224061;Beck;John Alexander Beck;1954-05-25;Edmonton;;;;;0;0;0;0
224109;Ghio;Gian Piero Ghio;1944-01-28;Agna;1,78 m;Left Winger;;;0;0;0;0
224246;Maskell;Craig Dell Maskell;1968-04-10;Aldershot;;Centre-Forward;;;0;0;0;0
224546;Brini;Fabio Brini;1957-05-01;Porto Sant'Elpidio;1,81 m;Goalkeeper;;;0;0;0;0
224571;Lucci;Settimio Lucci;1965-09-21;Marino;1,78 m;;;;0;0;8;0
224584;Oddi;Emidio Oddi;1956-07-22;Castorano;1,76 m;;;;0;0;0;0
224936;Mancini;Francesco Mancini;1968-10-10;Matera;1,80 m;Goalkeeper;;;0;0;0;0
225948;Wilson;Robert James Wilson;1961-06-05;London;;Attacking Midfield;;;0;0;0;0
226890;Harper;Alan Harper;1960-11-01;Liverpool;1,83 m;Centre-Back;;;0;0;0;0
226993;Snoei;Mike Snoei;1963-12-04;Rotterdam;;Left-Back;left;;0;0;5;0
227076;Anthrobus;Stephen Anthrobus;1968-11-10;Lewisham;1,88 m;Centre-Forward;;;0;0;0;0
227446;Tricarico;Fabio Tricarico;1969-11-27;Milano;1,80 m;;;;0;0;0;0
227450;Beruatto;Paolo Beruatto;1957-01-02;Cuorgnè;1,79 m;;;;0;0;0;0
227503;Petrachi;Gianluca Petrachi;1969-01-14;Lecce;1,77 m;;;;0;0;0;0
227544;Casale;Pasquale Casale;1959-03-02;Napoli;N/A;Central Midfield;;;0;0;3;1
227857;Bull;Gary William Bull;1966-06-12;West Bromwich;;;;;0;0;0;0
227862;McDonald;Paul Thomas McDonald;1968-04-20;Motherwell;;Left-Back;;;0;0;0;0
228060;Burridge;John Burridge;1951-12-03;Workington;1,80 m;Goalkeeper;;;0;0;0;0
228127;De Giorgis;Giorgio De Giorgis;1957-10-13;Genova;1,78 m;;;;0;0;0;0
228238;Pionetti;Enrico Pionetti;1955-04-05;Parma;1,85 m;Goalkeeper;;;0;0;0;0
229552;Schepull;Peter Schepull;1964-06-07;Rapperswil;1,81 m;Centre-Back;right;;0;0;22;1
230729;de Wit;Peter Antoon de Wit;1950-08-18;Zaandam;;Right-Back;;;0;0;0;0
230738;van der Lem;Gerard van der Lem;1952-11-15;Amsterdam;;Right Winger;;;0;0;0;0
231190;Terletzki;Frank Terletzki;1950-08-05;Berlin;N/A;Attacking Midfield;;;0;0;4;1
232282;Holland;John Holland;1953-07-05;;;;;;0;0;59;0
232289;Xuereb;Raymond Xuereb;1952-09-22;;;;;;0;0;48;6
232456;Borovicka;Vladimír Borovička;1954-03-25;Děčín;N/A;Goalkeeper;;;0;0;4;0
232878;Daerden;Jozef Winandus Daerden;1954-11-26;s ́Herenelderen;;;;;0;0;5;0
233104;Berends;Wim Berends;1956-05-19;;1,88 m;Goalkeeper;right;;0;0;0;0
233191;Mujica;Juan Martín Mujica Ferreira;1943-12-22;Casablanca;1,76 m;Left-Back;left;;0;0;22;2
234403;Adamec;Jozef Adamec;1942-02-26;Vrbové;;;;;0;0;44;14
234417;Hrdlicka;Ivan Hrdlička;1943-11-20;Račišdorf;1,76 m;;;;0;0;0;0
234444;Zlocha;Ján Zlocha;1942-03-24;Bratislava;1,81 m;;;;0;0;0;0
236039;Aubour;Marcel Aubour;1940-06-17;Saint-Tropez;1,80 m;Goalkeeper;right;;0;0;20;0
236052;De Michèle;Gabriel De Michèle;1941-03-06;Saint-Étienne;1,76 m;Left-Back;;;0;0;0;0
236213;Vuilleumier;Georges Vuilleumier;1944-09-21;Tramelan;1,78 m;Centre-Forward;right;;0;0;20;2
237710;Peacock;Alan Peacock;1937-10-29;Middlesbrough;;;;;0;0;6;3
237723;Amarildo;Amarildo Tavares da Silveira;1939-06-29;Campos dos Goytacazes;1,69 m;Centre-Forward;;;0;0;23;7
237768;Vladica Kovacevic;Bлaдимиp Koвaчeвић Bлaдицa;1940-01-07;Ivanjica;N/A;;;;0;0;13;2
237814;Stojanović;Mirko Stojanović;1939-06-11;Zagreb;1,83 m;Goalkeeper;;;0;0;0;0
238421;Machavariani;Mamuka Machavariani;1970-11-27;;1,81 m;;;;0;0;4;0
241226;Stevanovic;Горан Стевановић;1966-11-27;Sremska Mitrovica;;;;;0;0;1;0
241227;Stojic;Ranko Stojić;1959-01-18;Bugonjo;1,84 m;Goalkeeper;;;0;0;14;0
242259;Houtsonen;Leo Houtsonen;1958-10-25;Pieksämäki;1,75 m;;;;0;0;4;0
243061;Olofsson;Kjell Ove Olofsson;1965-07-23;Källö-Knippla;1,87 m;;;;0;0;0;0
243434;Cabo;Marco Cabo;1948-03-27;;;;left;;0;0;0;0
243495;Scheve;John Scheve;1960-02-11;;;Right-Back;;;0;0;0;0
243512;van Staveren;Adri van Staveren;1953-04-01;Warmond;;Left Winger;;;0;0;0;0
243525;Olsen;Bard Erik Olsen;1973-01-25;;;;;;0;0;0;0
243924;Coates;Ralph Coates;1946-04-26;Hetton-le-Hole;;Left Winger;;;0;0;4;0
243936;Hegan;Daniel Hegan;1943-06-14;Coatbridge;;;;;0;0;8;0
243964;Zúñiga;Manuel Zúñiga Fernández;1960-06-29;Luciana;1,73 m;Right Midfield;right;;0;0;3;1
245248;Velázquez;Manuel Velázquez Villaverde;1943-01-24;Madrid;1,75 m;Central Midfield;;;0;0;10;2
245309;João;Mário João;1935-06-06;Barreiro;;Right-Back;right;;0;0;3;0
245359;Tagnin;Carlo Tagnin;1932-11-18;Valle San Bartolomeo;1,75 m;Central Midfield;;;0;0;0;0
245414;Hammerborg;Tom Morten Hammerborg;1971-01-23;;;;;;0;0;0;0
245886;Kløvvik;Knut Kløvvik;1970-03-09;;;;;;0;0;0;0
245932;Larsen;Tor Age Larsen;1972-05-29;;;;;;0;0;0;0
246612;ter Horst;Gerrie ter Horst;1943-09-11;Steenwijk;1,79 m;Centre-Back;;;0;0;0;0
246766;Samokhin;Viktor Samokhin;1956-01-24;;;;;;0;0;0;0
247059;Dvorak;Milan Dvořák;1934-11-19;Prag;;;;;0;0;13;3
247425;Baird;Stuart Samuel Baird;1930-05-13;Denny;;Left Midfield;left;;0;0;7;2
247859;Cappello;Gino Cappello;1920-06-02;Padova;1,72 m;Centre-Forward;right;;0;0;11;3
248795;Gonzalvo II;José Gonzalvo Falcón;1920-01-16;Mollet del Vallès;;;;;0;0;8;0
249110;Paatelainen;Matti Paatelainen;1944-06-14;Äänekoski;;;;;0;0;47;11
249181;Harris;Stephen Carl Harris;1956-11-03;Neath;1,75 m;;;;0;0;26;1
249235;Giovannini;Attilio Giovannini;1924-07-30;San Michele Extra;;Defensive Midfield;;;0;0;0;0
250045;Van Veirdeghem;Patrick Van Veirdeghem;1963-01-19;Lokeren;1,71 m;Defensive Midfield;;;0;0;0;0
250090;Bacchini;Michele Gianni Bacchini;1966-11-14;Zürich;;;;;0;0;0;0
250106;Lysenko;Лисенко Олександр Петрович;1956-02-11;Grebinka, Poltava Region;1,78 m;;;;0;0;0;0
250217;McBride;Stephen McBride;1964-05-02;;;;;;0;0;1;0
250918;Castelletti;Sergio Castelletti;1937-12-30;Casale Monferrato;N/A;Left-Back;;;0;0;7;0
250948;Pizzaballa;Pierluigi Pizzaballa;1939-09-14;Bergamo;1,75 m;Goalkeeper;;;0;0;0;0
250951;Rimbaldo;Claudio Rimbaldo;1932-11-13;Pola;;Defensive Midfield;;;0;0;0;0
251034;Taylor;Alan David Taylor;1953-11-14;Hinckley;;;;;0;0;0;0
251095;Marchi;Anthony Vittorio Marchi;1933-02-21;Edmonton;;Central Midfield;;;0;0;0;0
251118;Mathieson;Willie Mathieson;1943-07-20;Cardenden;;;;;0;0;0;0
251355;Ljung;Per-Ola Micael Ljung;1967-11-07;Älmhult;;;;;0;0;0;0
253992;Ouattara;Ahmed Ouattara;1969-12-15;Abidjan;1,82 m;Centre-Forward;;;0;0;21;4
255153;Seargeant;Steve Seargeant;1951-01-02;Liverpool;;Left-Back;;;0;0;0;0
255171;Carlos Guerini;Carlos Alfredo Guerini Lacasia;1949-03-10;Cordoba;1,62 m;Centre-Forward;;;0;0;0;0
255327;Salvadori;Roberto Salvadori;1950-07-29;Magenta;1,77 m;Left-Back;;;0;0;0;0
256219;Sprake;Gareth Sprake;1945-04-03;Swansea;1,83 m;Goalkeeper;;;0;0;40;0
256232;Zmijewski;Janusz Żmijewski;1943-03-04;Radzymin;1,80 m;;;;0;0;15;7
256293;Oggier;Manfred Oggier;1972-04-07;;;;;;0;0;0;0
257397;Valentini;Mauro Valentini;1964-01-04;Viterbo;1,78 m;;;;0;0;0;0
257951;Farison;Gérard Farison;1944-03-15;Terrenoire;1,75 m;Left-Back;;;0;0;1;0
259195;Stankov;Kiril Christov Stankov;1949-05-20;Sofia;1,73 m;;;;0;0;1;0
259631;Torrecilla;Juan Antonio Montes Torrecilla;1964-02-25;Morille;1,78 m;Right-Back;;;0;0;0;0
259717;Maqueda;Pablo José Maqueda Andrés;1971-01-18;Barcelona;1,74 m;;;;0;0;0;0
262148;Trafella;Gert Trafella;1955-06-23;;N/A;Right-Back;;;0;0;0;0
265243;Perry;Jason Perry;1970-04-02;;;;;;0;0;0;0
265674;Kastanas;Spyros Kastanas;1962-12-12;;;;;;0;0;1;0
266622;Iordanov;Iordan Iordanov;1951-09-28;;;;;;0;0;1;1
266915;Zvunka;Jules Zvunka;1941-08-17;Le Ban-Saint-Martin;1,78 m;Right-Back;;;0;0;0;0
267618;Mackiewicz;Jarosław Maćkiewicz;1970-05-30;Toruń;1,77 m;;;;0;0;0;0
269867;Antić;Радомир Антић;1948-11-22;Žitište;;;;;0;0;1;0
273627;Zúñiga Martiarena;José Miguel Zúñiga Martiarena;1962-08-21;San Sebastián;;;;;0;0;0;0
281046;Enersen;Svein Enersen;1968-02-12;;;;;;0;0;0;0
282172;Tepszics;IgnÃ¡c Tepszics;1958-03-17;Budapest;1,83 m;;;;0;0;1;0
285285;Grimes;Ashley Grimes;1957-08-02;;1,80 m;;;;0;0;1;1
285365;Gatt;Robert Gatt;1949-05-07;;;Goalkeeper;;;0;0;1;0
285416;Schembri;Mario Schembri;1950-07-30;;;;;;0;0;14;0
289694;Bizzarri;Claudio Bizzarri;1933-12-21;Civitanova Marche;1,72 m;Left Winger;;;0;0;0;0
290281;Grima;Joseph Grima;1943-01-03;;;;;;0;0;1;0
294416;Snelders;Eduard Roza Lodewijk Snelders;1959-04-09;Kapellen;1,83 m;Defensive Midfield;;;0;0;1;0
295180;Verheyen;Jan Verheyen;1944-07-09;Hoogstraten;;Defensive Midfield;;;0;0;33;0
295940;Cheran;Florin Cheran;1947-04-05;;;;;;0;0;37;0
296016;Júlíusson;Ólafur Júlíusson;1951-07-11;;;;;;0;0;17;1
296358;Dumitrescu;Florian Dumitrescu;1946-10-27;;;;;;0;0;1;0
296480;Colquhoun;Edmund Peter Skirving Colquhoun;1945-03-29;Prestonpans;;Centre-Back;;;0;0;1;0
296745;Stevenson;William Byron Stevenson;1956-09-07;Llanelli;;Centre-Forward;;;0;0;16;0
296883;Björgvinsson;Sigurður Björgvinsson;1959-03-22;;;;;;0;0;3;0
296954;Thio;Johnny Thio;1944-09-02;Roeselare;;Left Winger;;;0;0;18;6
297793;Allan;Thomson Sandlands Allan;1946-10-05;Longridge;1,78 m;Goalkeeper;;;0;0;2;0
297949;Goranov;Milen Goranov;1947-05-10;;;;;;0;0;0;0
298075;Tsourelas;Απόστολος Τσουρέλας;1963-07-17;Doubia;1,78 m;;right;;0;0;0;0
298315;Müller;Matthias Müller;1954-10-18;Dresden;;Right-Back;;;0;0;4;0
298624;Kopeikin;Копейкин Борис Аркадьевич;1946-03-27;Chelyabinsk;N/A;Second Striker;N/A;;0;0;8;0
298780;von Wartburg;Arthur von Wartburg;1952-12-25;Basel;;;;;0;0;5;0
298900;Marinho;Mário Abreu Alves da Silva;1954-07-08;Macao;;Left-Back;right;;0;0;0;0
298943;Folha;Fernando Manuel Parada Folha;1958-01-18;Matosinhos;;Left Winger;;;0;0;0;0
298996;Alfonsson;Bergsveinn Alfonsson;1946-02-02;;;;;;0;0;0;0
299013;McFall;Ronald Joseph McFall MBE;1945-07-18;Belfast;;;;;0;0;0;0
299031;Purima;Petre Purima;1954-01-21;;;;;;0;0;0;0
299068;Tune-Hansen;Henrik Tune-Hansen;1955-12-12;;;Centre-Back;;;0;0;0;0
299188;Susic;Sead Susic;1953-01-03;Zavidovići;1,78 m;;;;0;0;1;0
299210;Mozejko;Andrzej Mozejko;1949-04-22;;;;;;0;0;0;0
299241;Bild;Per-Olof Bild;1949-12-13;;;;;;0;0;0;0
299265;Ljosdal;Cay Ljosdal;1950-12-07;;;;;;0;0;0;0
299337;Stuart;Edward Albert Stuart;1931-05-12;Middelburg, Eastern Cape;;Right-Back;right;;0;0;0;0
299376;Nocko;Jacek Nocko;1959-01-04;;;;;;0;0;0;0
299478;Geisser;Walter Geisser;1950-08-14;Glarus;;;;;0;0;0;0
299480;Holland;Julian Holland;1952-06-17;;;;;;0;0;0;0
299645;Dumon;Eric Dumon;1954-05-23;;;;;;0;0;0;0
300963;Nilsson;Hans Nilsson;1941-11-07;;;;;;0;0;0;0
301070;Gröbli;Alfred Gröbli;1947-08-29;;1,76 m;;;;0;0;0;0
301972;Maggiora;Domenico Maggiora;1955-01-14;Quattordio;1,76 m;;;;0;0;0;0
302229;Tatono;José Antonio García Conesa;1940-05-05;;;;;;0;0;0;0
302233;Lawlor;Robert Lawlor;1962-02-14;;;;;;0;0;0;0
302777;Camerini;Francis Camerini;1948-01-25;Marseille;;;;;0;0;2;0
302953;Rodri;Roberto Rodríguez Aguirre;1942-11-14;Logroño;;Goalkeeper;;;0;0;0;0
303249;Balogh;István Balogh;1967-05-11;;1,82 m;Centre-Forward;;;0;0;0;0
303782;Cochrane;George Terence Cochrane;1953-01-23;Killyleagh;;;;;0;0;26;1
303943;Mutkovic;Peter Mutkovič;1945-10-19;Bratislava;1,70 m;;;;0;0;1;0
304111;Axente;Mircea Axente;1944-12-09;;;;;;0;0;0;0
304599;Kiefer;Josef Kiefer;1942-12-05;;;;;;0;0;0;0
304779;Schreiner;Johnny Schreiner;1945-05-18;;;;;;0;0;0;0
304785;Vold;Johannes Vold;1945-05-12;;;;;;0;0;3;1
305006;Vandenbossche;Hugo Vandenbossche;1947-11-02;;;Goalkeeper;;;0;0;0;0
305340;Nielsen;Villy Nielsen;1935-08-15;;;;;;0;0;0;0
306504;Desbiolles;Michel René Desbiolles;1941-08-24;Chêne-Bougeries;;;;;0;0;6;0
306729;Germano;José Germano;1942-03-25;Minas Gerais;;Left Winger;;;0;0;0;0
306917;Bacci;Giancarlo Bacci;1931-06-17;Peretola;1,80 m;Centre-Forward;;;0;0;3;1
306932;Courtney;Patrick Courtney;1941-02-05;Dublin;;;;;0;0;0;0
307956;Blomqvist;Karl-Axel Blomqvist;1938-11-22;;;;;;0;0;0;0
308991;Jara;Vicente Anastasio Jara Segovia;1941-01-22;Capiatá;;;;;0;0;1;0
310473;Palhinha;Jorge Ferreira Da Silva;1967-12-14;Carangola;1,73 m;Attacking Midfield;;;0;0;16;5
310576;Paco;Francisco Ruiz Brenes;1948-03-02;San Fernando;;Goalkeeper;;;0;0;0;0
311203;Gratwohl;Joris Gratwohl;1973-06-24;;;;;;0;0;0;0
314475;Mulder;Jappie Mulder;1943-11-25;Leeuwarden;;Left Winger;;;0;0;0;0
314630;Haan;Thomas Haan;1945-11-18;Oude Pekela;;;;;0;0;0;0
314803;Schróth;Lajos Schróth;1960-08-28;Budapest;;;;;0;0;0;0
317226;Moran;Patrick Moran;1973-01-14;;;;;;0;0;0;0
319023;Golac;Иван Голац;1951-06-15;Koprivnica;1,78 m;Centre-Back;right;;0;0;0;0
323631;Kardesler;Eser Kardeşler;1964-02-26;Bursa;;Goalkeeper;;;0;0;4;0
323632;Bayram;Esat Bayram;1964-09-14;Kirklareli;;Centre-Back;;;0;0;0;0
324529;Charnley;Raymond Ogden Charnley;1939-05-29;Lancaster;1,88 m;;;;0;0;1;0
326064;Richardson;Lee James Richardson;1969-03-12;Halifax;;;;;0;0;0;0
327383;O`Kane;William James O`Kane;1948-06-17;Derry;;Right-Back;;;0;0;20;0
328840;Worthington;Frank Stewart Worthington;1948-11-23;Halifax;1,78 m;;;;0;0;8;2
330296;Thomé;Marc Thomé;1963-11-04;Luxemburg;;Attacking Midfield;;;0;0;10;0
335799;Aeby;Jean-Michel René Aeby;1966-05-23;Genève;;;;;0;0;3;1
336523;Musella;Gaetano Musella;1960-01-22;Napoli;1,69 m;Right Winger;right;;0;0;0;0
336541;Quagliozzi;Roberto Quagliozzi;1952-01-26;Pontecorvo;1,77 m;;;;0;0;0;0
336909;Miele;Renato Miele;1957-10-25;Roma;1,80 m;Centre-Back;;;0;0;0;0
338292;Bertoneri;Dante Bertoneri;1963-08-10;Massa;1,75 m;;;;0;0;0;0
346043;Ney;Mike Ney;1969-06-23;;;;;;0;0;0;0
348183;Habermann;Kurt Habermann;1939-01-15;;;Central Midfield;N/A;;0;0;0;0
351042;Lewandowski;Dariusz Lewandowski;1965-02-25;Kielce;1,81 m;;;;0;0;0;0
351358;Dillmann;Philippe Dillmann;1971-01-09;;;;;;0;0;0;0
351982;Comas;Ismael Comas;1942-12-01;;;Goalkeeper;;;0;0;0;0
353416;Scepanovic;Nebojsa Scepanovic;1967-12-04;Podgorica;1,76 m;;;;0;0;0;0
357157;Johannessen;Gaute Johannessen;1967-08-19;;;;;;0;0;0;0
360497;Oostdam;Joop Oostdam;1958-10-14;;;Centre-Back;;;0;0;0;0
365940;Houghton;Scott Houghton;1971-10-22;;;;;;0;0;0;0
366075;Birgisson;Georg Birgisson;1971-06-12;;;;;;0;0;0;0
367776;Antoniotti †;Lelio Antoniotti †;1928-01-17;Bard;1,68 m;;;;0;0;0;0
368012;Fedele;Adriano Fedele;1947-10-10;Udine;N/A;Left-Back;;;0;0;0;0
368063;Arecco;Osvaldo Arecco;1955-01-27;Genova;1,75 m;;;;0;0;0;0
368515;Peccenini;Franco Peccenini;1953-08-16;Palestrina;1,81 m;;;;0;0;0;0
369754;Szilveszter;Ferenc Szilveszter;1971-11-26;Budapest;1,74 m;Central Midfield;right;;0;0;4;0
369976;Stojcevski;Влатко Стојчевски;1973-07-07;;;Centre-Forward;;;0;0;0;0
373612;Ryan;Vaughan William Ryan;1968-09-02;Westminster;1,75 m;Right Midfield;;;0;0;0;0
373996;Bennett;Mickey Bennett;1969-08-27;;;;;;0;0;0;0
375078;Micklewhite;Gary Micklewhite;1961-03-21;Southwark;1,71 m;;;;0;0;0;0
378644;Bernsten;Curt Bernsten;1951-12-31;;;;;;0;0;0;0
380360;Higgins;Mark Nicholas Higgins;1958-09-29;Buxton;1,85 m;Centre-Back;;;0;0;0;0
389068;Bertoloni;Quinto Bertoloni;1927-03-10;Avenza;;Central Midfield;;;0;0;0;0
389576;Bertuzzo;Ezio Bertuzzo;1952-07-23;Settimo Torinese;1,70 m;Left Winger;;;0;0;0;0
393478;Bragason;Baldur Bragason;1968-05-29;;N/A;;;;0;0;5;0
405013;Kittos;Christos Kittos;1962-02-12;;;;;;0;0;0;0
405303;Braglia;Giorgio Braglia;1947-02-19;Bomporto;1,82 m;Right Winger;;;0;0;0;0
407452;Klausen;Öyvind Klausen;1964-11-18;;;;;;0;0;0;0
407456;Neerland;Öystein Neerland;1964-02-04;;;;;;0;0;0;0
407464;Finbraten;Hallgeir Finbraten;1965-11-01;;;;;;0;0;0;0
409812;Chivers;Gary Paul Stephen Chivers;1960-05-15;Stockwell;;Centre-Back;right;;0;0;0;0
410921;Porlezza;Carlo Porlezza;1939-12-17;Basel;;Defensive Midfield;;;0;0;0;0
413221;Rehnelt;Peter Rehnelt;1943-04-29;;;;;;0;0;0;0
418570;Valo;Gabor Valo;1962-04-14;;;Goalkeeper;;;0;0;0;0
420351;Oost;Jeffrey Oost;1956-04-23;;;Attacking Midfield;;;0;0;0;0
421225;Hildebrand;Cor Hildebrand;1951-09-13;Utrecht;;;;;0;0;0;0
422678;Kram;Peter Kram;1952-01-10;;;Centre-Forward;;;0;0;0;0
426988;Güray;Ceyhun Güray;1956-09-28;Istanbul;;Centre-Back;;;0;0;0;0
430421;Francesconi;Fulvio Francesconi;1944-11-19;Russi;1,73 m;Left Winger;;;0;0;0;0
430427;Motta;Enrico Motta;1928-06-18;Lissone;;;;;0;0;0;0
431077;Garlaschelli;Renzo Garlaschelli;1950-03-29;Vidigulfo;1,75 m;;;;0;0;0;0
432902;Makarenko;Макаренко Дмитрий Викторович;1973-06-30;;;;;;0;0;0;0
434635;Kalligas;Πολυχρόνης Καλλιγάς;1970-10-26;;;Goalkeeper;;;0;0;0;0
434739;Diserens;Georges Diserens;1955-04-26;;;;;;0;0;0;0
439305;Nayir;Mehmet Resat Nayir;1911-07-13;İstanbul;;;;;0;0;4;0
446074;Varga;István Varga;1955-08-23;;;;;;0;0;0;0
447876;Cresci;Franco Cresci;1945-09-15;Milano;1,75 m;Left-Back;;;0;0;0;0
448500;Pounas;Hristo Pounas;1968-05-18;;;;;;0;0;0;0
450072;Fioroni;René Fioroni;1946-02-26;Menton;1,78 m;;;;0;0;0;0
452166;Phillip;Iain Frederick Phillip;1951-02-14;Broughty Ferry;;;;;0;0;0;0
452997;Bodak;Peter Bodak;1961-08-12;Birmingham;1,73 m;Right Midfield;;;0;0;0;0
453000;Burke;David Ian Burke;1960-08-06;Liverpool;1,78 m;Left-Back;;;0;0;0;0
453971;Hansen;John Hansen;1973-09-14;;;;;;0;0;0;0
454765;Stanley;Gary Ernest Stanley;1954-03-04;Burton upon Trent;;;;;0;0;0;0
466389;Palmer;Geoffrey Palmer;1954-07-11;Cannock;1,75 m;Right-Back;;;0;0;0;0
466671;Whitehurst;William Whitehurst;1959-06-10;Thurnscoe;1,83 m;Centre-Forward;;;0;0;0;0
466681;Allinson;Ian James Robert Allinson;1957-10-01;Stevenage;1,78 m;;;;0;0;0;0
475931;Rimbano;Angelo Rimbano;1949-01-28;Contarina;1,74 m;Left-Back;;;0;0;0;0
476455;Bonetti;Luigi Bonetti;1955-12-25;Quinto Romano;;Goalkeeper;;;0;0;0;0
476514;Tormen;Antonio Tormen;1955-02-02;Belluno;1,75 m;;;;0;0;0;0
476927;Gnielka;Horst-Dieter Gnielka;1940-07-27;;;;;;0;0;0;0
479848;Helleputte;Herman Helleputte;1954-03-22;;;Sweeper;;;0;0;0;0
479923;Szurdi;Gabriel Szurdi;1971-11-01;;;Goalkeeper;;;0;0;0;0
479928;Bárka;Peter Bárka;1964-03-29;;;;;;0;0;0;0
480516;Sara;Tor Sara;1964-08-05;;;;;;0;0;0;0
480733;Sims;Steven Frank Sims;1957-07-02;Lincoln;;Centre-Back;;;0;0;0;0
480740;Roeder;Glenn Victor Roeder;1955-12-13;Woodford;;;;;0;0;0;0
481521;Cullen;Tony Cullen;1969-09-30;;;;;;0;0;0;0
481522;Kay;John Kay;1964-01-29;Great Lumley;1,75 m;;;;0;0;0;0
482468;Brazier;Colin James Brazier;1957-06-06;Solihull;1,88 m;Centre-Back;;;0;0;0;0
482469;Handysides;Ian Robert Handysides;1962-12-14;Jarrow;;;;;0;0;0;0
482946;Tudor;John Tudor;1946-06-25;Ilkeston;;Centre-Forward;;;0;0;0;0
483418;Kelly;Robert Anthony Kelly;1964-12-21;Birmingham;;;;;0;0;0;0
486311;García;Claudio Omar García;1963-08-24;Buenos Aires;1,75 m;;;;0;0;13;3
492117;Stange;Ralph Pinatti Stange;1959-02-09;Sao Paulo;;;;;0;0;0;0
492881;Makeev;Sergey Makeev;1966-07-24;;;Defensive Midfield;;;0;0;0;0
495426;Welbes;Armand Welbes;1951-07-23;;;;;;0;0;0;0
495433;Monacelli;Vinicio Monacelli;1951-07-23;;;;;;0;0;9;1
496592;Dzubara;Jozef Džubara;1965-05-15;Snina;;;;;0;0;0;0
496617;Leborgne ✝;Marcel Leborgne ✝;1939-09-09;Carhaix;;;;;0;0;0;0
496618;Maison;Hector Maison;1936-04-20;La Plata;1,65 m;;;;0;0;0;0
498208;Craig;Thomas Brooks Craig;1950-11-21;Glasgow;N/A;;;;0;0;0;0
499453;Jefferson;Derek Jefferson;1948-09-05;Morpeth;;Centre-Back;;;0;0;0;0
499967;Spearing;Tony Spearing;1964-10-07;Romford;1,73 m;Left-Back;;;0;0;0;0
502079;Turner;Robin David Turner;1955-09-10;Carlisle;;;;;0;0;0;0
502336;Kember;Stephen Dennis Kember;1948-12-08;Croydon;;;;;0;0;0;0
502761;Bennett;Martyn Bennett;1961-08-04;Birmingham;1,85 m;Centre-Back;;;0;0;0;0
509040;Hucko;Ivan Hucko;1965-01-03;;;;;;0;0;0;0
509043;Lausman;Aleš Laušman;1961-02-27;;;;;;0;0;0;0
509784;Shipley;George Michael Shipley;1959-03-07;Newcastle upon Tyne;1,75 m;;;;0;0;0;0
514487;Renosto;Mario Renosto;1929-06-15;Trieste;;;;;0;0;0;0
519640;Hansen;Karl Aage Hansen;1921-07-04;Mesinge;;Central Midfield;;;0;0;22;17
523627;Pomati;Giuseppe Pomati;1932-07-23;Codogno;;;;;0;0;0;0
533727;Varfolomeev;Sergey Varfolomeev;1968-02-27;;;;;;0;0;0;0
537493;Küffer;Peter Küffer;1954-10-21;Biel/Bienne;;;;;0;0;0;0
540001;Gawara;Krzysztof Gawara;1958-03-15;Sienno;1,85 m;;;;0;0;0;0
552856;Shearer;David John Shearer;1958-10-16;Inverness;1,73 m;Centre-Forward;;;0;0;0;0
553725;Gudmundsson;Páll Eysteinn Guðmundsson;1968-09-12;;;;;;0;0;4;1
555416;Bobó;Mamadou Bobó Djalo;1963-02-09;Canchungo;1,75 m;Defensive Midfield;;;0;0;4;0
556561;Caetano;António de Oliveira Caetano;1966-07-05;Santa Maria da Feira;1,71 m;Left-Back;left;;0;0;4;1
557051;Barth;René Barth;1968-06-30;;;;;;0;0;0;0
557068;Christensen;Torben Christensen;1963-07-14;;;Centre-Forward;;;0;0;3;0
557935;Kriszt;József Kriszt;1965-07-20;;;;;;0;0;0;0
559285;Johansson;Hans Johansson;1964-08-07;;;;;;0;0;0;0
559673;Popelnukha;Valeri Popelnukha;1963-04-06;;;;;;0;0;0;0
561092;Dunne;Liam Dunne;1971-09-01;;;;;;0;0;0;0
561093;Connolly;John Connolly;1971-12-28;Dublin;;Goalkeeper;;;0;0;0;0
562082;Dobrevski;Гено Вълков Добревски;1970-05-12;Plovdiv;;;;;0;0;0;0
562154;Montgomery;Jimmy Montgomery;1943-10-09;Sunderland;;Goalkeeper;;;0;0;0;0
563678;Burke;Steven James Burke;1960-09-29;Nottingham;1,78 m;Left Winger;;;0;0;0;0
565318;Livingstone;Stephen Livingstone;1973-10-17;Belfast;;;;;0;0;0;0
566806;Watson;Robert Watson;1946-04-15;Airdrie;;Right-Back;right;;0;0;1;0
570040;Neshet Muharrem;Neşet Zhaveli;1955-04-20;;;Goalkeeper;;;0;0;0;0
572884;Uzgur;Ersel Uzğur;1967-01-01;Bursa;;Right-Back;;;0;0;0;0
576538;Ertas;Taner Ertaş;1967-08-11;Bursa;;Centre-Back;;;0;0;0;0
577657;Komsic;Vlado Komšić;1955-10-11;Kiseljak;;;;;0;0;0;0
587734;Fleury;Christian Fleury;1955-01-02;;;;;;0;0;0;0
596213;McIlmoyle;Hugh McIlmoyle;1940-01-29;Port Glasgow;;Centre-Forward;;;0;0;0;0
596611;Sigurjónsson;Brandur Sigurjónsson;1970-01-01;;;;;;0;0;0;0
602711;Pin;Jacky Pin;1944-01-16;Rognes;1,75 m;;;;0;0;0;0
604946;Waser;Gottfried Waser;1955-05-14;Hergiswil;;Goalkeeper;;;0;0;0;0
614462;Arnott;Kevin Arnott;1958-09-28;Gateshead;1,79 m;Central Midfield;;;0;0;0;0
617184;Doichev;Nako Doichev;1960-09-06;;;;;;0;0;0;0
619126;Buckley;Steve Buckley;1953-10-16;Eastwood;1,75 m;Left-Back;;;0;0;0;0
621542;Field;Tony Field;1946-07-06;Halifax;;Centre-Forward;;;0;0;0;0
621842;Matthews;Michael Matthews;1960-09-25;Kingston upon Hull;;;;;0;0;0;0
622060;Savage;Robert James Savage;1960-01-08;Liverpool;1,70 m;;;;0;0;0;0
624592;Calugaru;Tudorel Călugăru;1960-07-16;Galaţi;;Goalkeeper;;;0;0;0;0
624965;Robson;Thomas Henry Robson;1944-07-31;Gateshead;;Left Winger;;;0;0;0;0
626135;Leek;Kenneth Leek;1935-07-26;Ynysybwl;;Second Striker;;;0;0;13;5
626281;Brindley;Bill Brindley;1947-01-29;Rushcliffe;;Left-Back;;;0;0;0;0
626856;Hatton;Robert James Hatton;1947-04-10;Kingston upon Hull;;Centre-Forward;;;0;0;0;0
627432;Foggo;Kenneth Taylor Foggo;1943-11-07;Perth;;Right Midfield;;;0;0;0;0
628507;Ebanks;Michael Wayne Anthony Ebanks;1964-10-02;Longbridge;;Right-Back;;;0;0;0;0
628929;Ferry;Gordon Ferry;1943-12-22;Sunderland;;Centre-Back;;;0;0;0;0
638038;Larsson;Hans Larsson;1947-05-05;;;;;;0;0;0;0
638078;Sharples;Brian Sharples;1944-09-06;Bradford;;Centre-Back;;;0;0;0;0
640456;Sullivan;Colin Sullivan;1951-06-24;Saltash;;Left-Back;;;0;0;0;0
641735;Grönstad;Pal Grönstad;1964-03-01;;;;;;0;0;0;0
642188;Donzé;Jean-Claude Donzé;1948-05-02;;;Goalkeeper;;;0;0;0;0
642195;Radakovic;Miloš Radaković;1946-09-29;;;;;;0;0;0;0
642571;Nunes;António Francisco Vieira Nunes;1945-07-01;Águas Santas;;;;;0;0;0;0
644716;Wade;Bryan Wade;1963-06-25;Bath;1,73 m;Centre-Forward;;;0;0;0;0
644856;Riley;David Sidney Riley;1960-12-08;Northampton;1,70 m;Centre-Forward;;;0;0;0;0
645026;McNally;Errol McNally;1943-08-27;Lurgan;;Goalkeeper;;;0;0;0;0
645680;Partridge;Malcolm Partridge;1950-08-28;Calow;1,84 m;Centre-Forward;;;0;0;0;0
645780;Harland;Stanley Clarence Harland;1940-06-19;Liverpool;;Centre-Back;;;0;0;0;0
653100;Carnell Brooks;Kristján Carnell Brooks;1971-08-04;;;;;;0;0;0;0
655734;Marchi;Franco Marchi;1946-04-18;;;;;;0;0;0;0
661911;Persson;Fred Persson;1973-08-22;;;;;;0;0;0;0
662543;Pettigrew;William Pettigrew;1953-10-02;Motherwell;;;;;0;0;0;0
672903;Joyce;Joseph Joyce;1961-03-18;Consett;1,78 m;Right-Back;right;;0;0;0;0
677404;Holliday;Edwin Holliday;1939-06-17;Leeds;;Left Winger;;;0;0;3;0
677922;Durie;David George Durie;1931-08-13;Blackpool;;Second Striker;;;0;0;0;0
682474;Kobešćak;Zdenko Kobešćak;1943-12-03;Zagreb;;;;;0;0;0;0
683086;Svensson;Mikael Svensson;1966-10-05;;;;;;0;0;0;0
687038;Davidson;Duncan Davidson;1954-07-05;Elgin;;;;;0;0;0;0
688692;Sims;David Nigel Sims;1931-08-09;Coton in the Elms;;Goalkeeper;;;0;0;0;0
690206;Rimmer;Warwick Robert Rimmer;1941-03-01;Birkenhead;;;;;0;0;0;0
696894;Bouvy;Jean-Claude Bouvy;1959-05-19;Kinshasa;;;;;0;0;0;0
697284;Gomes;Vitor Gomes;1950-04-22;;;;;;0;0;0;0
698461;Zlamal;Frantisek Zlamal;1948-05-29;;;Goalkeeper;;;0;0;0;0
701091;Ludlam;Steven John Ludlam;1955-10-18;Chesterfield;1,68 m;Central Midfield;;;0;0;0;0
702226;Ejder;İbrahim Ejder;1952-04-17;Canakkale;;;;;0;0;6;3
710336;Terkelsen;Jörn Terkelsen;1961-01-31;;;;;;0;0;0;0
711397;Hallström;Peter Hallström;1971-07-29;;;;;;0;0;0;0
711399;Mortensen;Ole Mortensen;1962-06-14;;;;;;0;0;0;0
711488;Bruck;Dietmar Bruck;1944-04-19;Danzig;;Left-Back;;;0;0;0;0
716185;Drake;Robert James Drake;1943-09-07;Southgate;;;;;0;0;0;0
717255;Yegba Maya;Joseph Yegba Maya;1944-04-08;Otélé;1,80 m;Centre-Forward;;;0;0;0;0
717918;Mond;Léon Mond;1952-12-13;;;;;;0;0;0;0
718165;Campos;Niromar Campos;1953-11-11;;;;;;0;0;0;0
719918;Cerqueira;Jaime Manuel Chacouto Cerqueira;1967-12-24;Amarante;1,79 m;Central Midfield;;;0;0;0;0
721525;Hill;Brian William Hill;1941-07-31;Bedworth;;Right Midfield;;;0;0;0;0
722223;Minea;Iulian Minea;1969-12-06;;;;;;0;0;0;0
722224;Sedecaru;Toni Sedecaru;1967-11-28;;;;;;0;0;0;0
723417;Lindsay;James Young Lindsay;1949-07-12;Hamilton;1,70 m;Right Midfield;;;0;0;0;0
724003;Bula;Cyprièn Bula;1939-08-30;;;;;;0;0;0;0
725191;Burini;Gilles Burini;1957-05-31;;;Goalkeeper;;;0;0;0;0
725241;Kemp;Frederick George Kemp;1946-02-27;Salerno;1,73 m;Central Midfield;;;0;0;0;0
726593;Downes;Walter John Downes;1961-06-09;London;;Central Midfield;;;0;0;0;0
729206;Screen;William Robert Screen;1948-11-08;Swansea;;Central Midfield;;;0;0;0;0
729570;Ryden;George Ryden;1940-07-14;;;Centre-Back;;;0;0;0;0
729645;Muñoz;Rubén Muñoz;1939-11-16;;;;;;0;0;0;0
729646;Heine;Gilbert Heine;1943-12-14;;;;;;0;0;0;0
730711;Kochev;Nikolay Kochev;1949-02-26;;;;;;0;0;0;0
731098;Krasnov;Владимир Ильич Краснов;1946-11-27;Ulyanovsk;1,70 m;;;;0;0;0;0
731390;Robinson;Peter Robinson;1957-09-04;Newbiggin-by-the-Sea;;Centre-Back;;;0;0;0;0
733598;Penconek;Ignacy Penconek;1937-02-01;Warszawa;1,79 m;Goalkeeper;;;0;0;0;0
737280;Curtis;George William Curtis;1939-05-05;Dover;;Centre-Back;;;0;0;0;0
740211;Brogan;Frank Anthony Brogan;1942-08-03;Glasgow;1,78 m;Left Winger;;;0;0;0;0
743970;Thomson;James Arnott Thomson;1948-06-28;Glasgow;;Central Midfield;;;0;0;0;0
744187;Csordás;Mátyás Csordás;1943-03-27;;;;;;0;0;0;0
744400;Caloi;Luigi Caloi;1940-06-07;Verona;;;;;0;0;0;0
744493;Jensen;Lars Jensen;1956-12-12;;;;;;0;0;0;0
745499;Jackson;Mike Jackson;1939-08-25;;;Centre-Forward;;;0;0;0;0
746248;Isel;Charles Isel;1936-02-11;;;;;;0;0;0;0
746301;Nowotarski;Casimir Nowotarski;1932-11-26;;;;;;0;0;0;0
746391;Cauvin;Guy Cauvin;1941-02-14;;;;;;0;0;0;0
746771;Hainey;Billy Hainey;1939-06-16;;;;;;0;0;0;0
748583;Humphries;Derek Humphries;1949-10-05;;;Goalkeeper;;;0;0;0;0
749142;Mrowiec;Antoni Mrowiec;1954-01-09;;;;;;0;0;0;0
749357;Gibson;Willie Gibson;1953-04-03;;;;;;0;0;0;0
750168;Larsson;Christer Larsson;1966-09-05;;;;;;0;0;0;0
751640;Douglas;Stephen Douglas;1964-01-25;;;;;;0;0;0;0
751826;Tulpan;Dan Tulpan;1957-06-10;;;;;;0;0;0;0
753097;Taipale;Timo Taipale;1969-12-18;;;;;;0;0;0;0
753360;Pacocha;Wieslaw Pacocha;1953-12-01;;;;;;0;0;0;0
753372;Topolski;Adam Topolski;1951-12-25;Witkowo;;;;;0;0;0;0
754455;Marie;Jacques Marie;1945-08-12;;;Defensive Midfield;;;0;0;0;0
757539;Gudlaugsson;Jóhannes Gudlaugsson;1967-10-12;;;;;;0;0;0;0
773522;José Artur;José Artur da Silva Matos;1957-06-16;;;;;;0;0;0;0
774124;Garics;György Garics;1954-04-24;;;;;;0;0;0;0
781060;Leonov;Леонов Юрій Євгенович;1965-02-07;Zhytomyr;1,82 m;;;;0;0;0;0
781890;Vilhjálmsson;Vilhjálmur Hans Vilhjálmsson;1971-10-20;;;;;;0;0;0;0
790402;Sanderson;Keith Sanderson;1940-10-09;Kingston upon Hull;;;;;0;0;0;0
